bodyId,type,superclass,cable_um,skeleton_nodes,fragments,soma_to_output_um
10054,DNpe013,descending_neuron,8309.130,10018,1,324.201
10056,DNg100,descending_neuron,20557.592,24387,1,411.054
10068,DNp30,descending_neuron,17245.168,12446,4,104.222
10118,DNb05,descending_neuron,10085.141,10906,1,462.211
10123,DNg30,descending_neuron,9986.026,12858,1,180.482
10124,DNg105,descending_neuron,11069.982,11869,1,600.587
10141,DNg15,descending_neuron,6469.493,6148,1,538.632
10195,DNp29,descending_neuron,10497.378,13784,1,192.227
10280,DNp47,descending_neuron,5927.980,6794,2,280.643
10286,DNpe053,descending_neuron,20279.761,14490,1,170.428
10296,DNge054,descending_neuron,7488.435,8437,1,164.297
10341,DNp19,descending_neuron,5802.041,6442,1,425.702
10384,DNp63,descending_neuron,9549.273,12341,1,386.521
10394,DNg98,descending_neuron,15946.787,20355,2,524.959
10411,DNb09,descending_neuron,7514.045,8634,2,427.434
10580,DNp70,descending_neuron,11978.499,15617,1,189.582
10601,DNpe025,descending_neuron,11087.144,13586,1,302.639
10705,DNc02,descending_neuron,24797.725,18046,4,310.687
10711,DNb07,descending_neuron,5713.273,7316,1,492.722
10759,DNb01,descending_neuron,5922.723,6473,1,335.850
10823,DNp48,descending_neuron,8587.006,10847,1,320.386
10833,DNge062,descending_neuron,5879.363,7591,1,164.173
10976,DNge146,descending_neuron,5508.176,6664,2,142.027
10979,DNge103,descending_neuron,7344.878,8988,1,465.538
11066,DNa13,descending_neuron,8456.589,9712,1,677.085
11075,DNg99,descending_neuron,5271.905,5790,1,474.452
11257,DNp45,descending_neuron,8537.686,10995,1,219.585
11261,DNp54,descending_neuron,8569.798,10926,1,307.789
11380,DNp14,descending_neuron,9102.547,11648,1,508.765
11438,DNp33,descending_neuron,2947.397,2799,1,521.430
11527,DNg101,descending_neuron,8480.717,10578,1,341.758
11610,DNae007,descending_neuron,9017.369,11844,1,247.642
11931,DNd04,descending_neuron,9219.482,11964,1,485.139
12222,DNpe031,descending_neuron,8220.744,10603,2,323.307
12224,DNg14,descending_neuron,4165.705,4412,1,731.729
12325,DNp67,descending_neuron,5317.821,6478,1,484.089
12451,DNge128,descending_neuron,3844.690,4879,1,349.985
12516,DNge047,descending_neuron,15027.531,20703,11,237.794
12687,DNge113,descending_neuron,2496.833,3226,1,222.937
12801,DNa05,descending_neuron,4022.344,4281,1,533.826
13514,DNae008,descending_neuron,5215.910,6883,1,527.208
13615,DNbe006,descending_neuron,5848.324,7745,1,425.295
13805,DNg97,descending_neuron,10975.301,12356,3,384.780
13994,DNge172,descending_neuron,5105.503,6564,1,693.036
14114,DNg69,descending_neuron,4717.252,5827,1,533.878
15306,DNpe020,descending_neuron,10601.242,14313,1,395.765
15509,DNge091,descending_neuron,2321.360,3070,1,450.577
15653,DNge012,descending_neuron,4267.068,5315,1,301.182
15995,DNge013,descending_neuron,5479.477,7164,1,550.697
16098,DNge029,descending_neuron,3141.804,4198,1,180.264
16257,DNge091,descending_neuron,2231.779,3098,1,359.430
16731,DNg94,descending_neuron,4466.718,6191,1,384.355
16746,DNge064,descending_neuron,4244.778,5471,1,616.277
16864,DNg59,descending_neuron,3700.330,4680,1,301.931
19489,DNpe010,descending_neuron,2695.554,3597,1,184.417
19631,DNg12_h,descending_neuron,2539.128,3338,1,282.142
20743,DNge019,descending_neuron,2330.608,3127,1,199.492
21122,DNg02_a,descending_neuron,2228.694,3003,2,316.262
22158,DNpe012_b,descending_neuron,2485.137,3504,1,290.880
22627,DNge095,descending_neuron,2296.056,3207,1,446.509
24374,DNg08,descending_neuron,2157.273,3061,1,320.232
24517,DNg53,descending_neuron,2238.257,3038,1,114.113
25249,DNge092,descending_neuron,2150.131,3112,1,247.666
25589,DNg07,descending_neuron,1750.222,2487,1,248.902
26652,DNge094,descending_neuron,1878.444,2688,1,176.357
26743,DNge094,descending_neuron,1568.931,2225,1,204.442
27113,DNge180,descending_neuron,2006.934,2876,1,359.501
27735,DNge110,descending_neuron,2543.326,3557,2,436.105
32288,DNpe015,descending_neuron,1873.494,2739,2,459.123
32413,DNg12_f,descending_neuron,1591.229,2171,1,210.552
34474,DNge089,descending_neuron,1689.505,2466,1,299.651
34649,DNge179,descending_neuron,1539.370,2210,1,137.134
35630,DNp17,descending_neuron,1596.679,2313,1,514.936
38064,DNg07,descending_neuron,1324.059,1925,1,189.307
38848,DNge089,descending_neuron,1881.598,2800,1,249.010
39774,DNpe008,descending_neuron,1317.388,1971,1,523.228
40157,DNg03,descending_neuron,2113.071,3113,1,413.439
40361,DNge024,descending_neuron,1572.394,3970,1,363.749
40782,DNpe008,descending_neuron,1472.264,2171,2,553.128
47402,DNg10,descending_neuron,1201.880,1722,1,174.043
49210,DNpe011,descending_neuron,1671.191,2510,1,547.368
49624,DNg03,descending_neuron,1806.497,2684,4,437.139
50664,DNge071,descending_neuron,1251.611,1811,2,180.954
51024,DNg03,descending_neuron,1802.758,2644,1,436.935
69409,DNg06,descending_neuron,1491.786,2111,1,417.037
225781,DNge179,descending_neuron,1393.064,1995,1,166.749
228714,DNge061,descending_neuron,1742.033,2283,1,369.120
242405,DNge046,descending_neuron,7262.775,9455,1,66.052
302599,DNg02_c,descending_neuron,1847.969,2703,1,475.597
512751,DNge105,descending_neuron,5045.316,6723,1,153.284
513783,DNg01_d,descending_neuron,1974.907,2790,1,447.418
514485,DNg106,descending_neuron,3048.382,4246,1,279.148
514489,DNg49,descending_neuron,7252.156,8381,1,232.122
520300,DNg75,descending_neuron,11262.610,13134,1,362.542
520898,DNb04,descending_neuron,6955.532,8652,1,348.942
523329,DNa10,descending_neuron,7829.861,8434,1,559.055
523378,DNae008,descending_neuron,5601.515,7400,1,521.554
523771,DNge001,descending_neuron,3448.392,4708,3,200.404
523998,pIP10,descending_neuron,10965.622,13608,1,415.935
909612,DNg11,descending_neuron,2669.133,3442,1,264.959
10071,AN12B011,ascending_neuron,7101.737,9435,1,213.202
10841,AN09B004,ascending_neuron,8428.070,10562,1,639.394
11064,AN19B017,ascending_neuron,10718.039,13386,1,431.197
11604,AN05B004,ascending_neuron,15542.747,20505,1,405.899
14016,AN08B020,ascending_neuron,6777.003,8325,1,404.947
14026,AN05B004,ascending_neuron,16433.488,21935,1,384.877
14502,ANXXX098,ascending_neuron,4474.699,5206,1,779.470
14642,AN09B002,ascending_neuron,6997.994,7998,1,575.313
14700,AN01A086,ascending_neuron,5096.527,6566,1,413.760
15906,AN23B001,ascending_neuron,5368.544,5776,1,230.914
16749,AN08B024,ascending_neuron,3856.733,4767,1,596.416
16830,AN09B017c,ascending_neuron,3153.975,3606,1,865.078
17124,ANXXX082,ascending_neuron,5202.761,6683,1,456.608
17158,AN05B099,ascending_neuron,12341.929,16951,1,662.655
18279,AN09B007,ascending_neuron,5892.200,7507,1,644.472
18338,AN09B003,ascending_neuron,10020.425,13420,1,392.650
18641,AN05B026,ascending_neuron,2891.799,3802,1,264.034
19206,AN06B034,ascending_neuron,4290.801,5496,1,504.657
20106,ANXXX075,ascending_neuron,6595.986,8318,1,450.840
20983,AN06A015,ascending_neuron,3352.234,4067,1,407.492
21870,AN10B022,ascending_neuron,2364.726,2863,1,248.616
23566,AN17A004,ascending_neuron,8660.043,10953,1,104.447
25335,AN01B018,ascending_neuron,1832.003,2279,1,495.293
26088,AN08B010,ascending_neuron,5875.266,7339,1,375.522
26241,AN01B002,ascending_neuron,12438.463,16213,1,218.491
27475,AN17B011,ascending_neuron,6229.014,8680,3,347.817
28508,AN17A003,ascending_neuron,6992.225,8988,1,293.511
28584,ANXXX013,ascending_neuron,13360.943,18033,1,270.984
28929,AN19B042,ascending_neuron,3175.377,4145,1,324.232
30379,AN09B031,ascending_neuron,6888.010,9624,1,469.460
30497,AN09B028,ascending_neuron,4006.339,5526,1,205.077
30777,AN19B004,ascending_neuron,5790.346,6284,1,212.718
30789,AN08B009,ascending_neuron,9048.662,12199,1,95.189
31054,AN10B027,ascending_neuron,3262.866,4275,1,474.379
31474,AN07B035,ascending_neuron,3354.671,4382,1,247.883
32324,AN08B074,ascending_neuron,3663.564,5002,1,272.315
32881,AN10B027,ascending_neuron,3245.157,4353,1,634.751
35440,AN08B016,ascending_neuron,5525.483,7334,1,352.664
37199,AN18B025,ascending_neuron,4747.232,6299,1,205.235
37743,AN05B069,ascending_neuron,3371.895,4886,1,180.834
40877,ANXXX005,ascending_neuron,28585.137,40869,2,84.220
41598,ANXXX084,ascending_neuron,7264.647,9565,1,266.888
41746,AN08B049,ascending_neuron,4167.803,5602,1,183.820
45311,ANXXX084,ascending_neuron,7875.426,10535,1,296.564
45366,AN07B049,ascending_neuron,2525.928,3482,1,254.998
46240,AN04A001,ascending_neuron,8026.494,9791,1,135.695
47521,AN16B116,ascending_neuron,1282.780,1791,1,194.619
49243,ANXXX214,ascending_neuron,4900.721,6790,1,543.390
50494,ANXXX007,ascending_neuron,4651.193,6399,2,578.710
59703,AN26X004,ascending_neuron,2902.335,4217,2,336.208
67972,ANXXX200,ascending_neuron,2619.249,3685,1,271.988
69759,AN11B008,ascending_neuron,4285.212,5625,1,185.802
70636,ANXXX024,ascending_neuron,8049.904,10276,3,262.694
71245,AN05B071,ascending_neuron,3599.911,5244,1,144.268
71722,AN07B101_a,ascending_neuron,1596.913,2292,1,326.056
74183,AN08B099_g,ascending_neuron,1976.282,2879,1,245.094
76985,AN19B022,ascending_neuron,4253.248,5410,1,242.489
78164,ANXXX380,ascending_neuron,2210.834,3222,1,853.538
88070,AN04B004,ascending_neuron,5978.542,7857,1,116.014
92534,AN08B100,ascending_neuron,2584.198,3761,1,340.598
92806,AN07B046_c,ascending_neuron,5193.529,7142,1,155.135
97432,AN08B094,ascending_neuron,2573.207,3664,1,186.635
98764,AN04A001,ascending_neuron,6253.020,7488,1,86.113
99309,AN09B040,ascending_neuron,3939.428,5833,1,307.749
101681,AN08B098,ascending_neuron,2022.946,2983,1,221.487
106355,AN18B053,ascending_neuron,3847.420,5636,2,156.692
106648,AN06A026,ascending_neuron,3370.411,4594,1,381.432
109486,AN19B059,ascending_neuron,2335.765,3283,1,317.161
114550,IN10B007,ascending_neuron,5986.343,7824,1,126.488
117092,AN10B053,ascending_neuron,1436.767,2135,1,328.826
117465,AN10B045,ascending_neuron,1688.439,2510,1,464.240
118303,AN05B060,ascending_neuron,2634.077,3962,1,427.548
120960,AN16B112,ascending_neuron,1554.303,2196,1,110.092
130333,AN12B089,ascending_neuron,1792.331,2600,1,280.645
137843,AN07B071_c,ascending_neuron,1393.096,1941,1,196.082
144519,AN07B062,ascending_neuron,2384.894,3339,1,159.430
148129,AN07B046_a,ascending_neuron,2305.062,3331,1,183.696
148730,AN08B099_a,ascending_neuron,2101.103,3060,1,272.032
150463,AN19B065,ascending_neuron,1645.022,2292,1,181.396
150489,AN09B016,ascending_neuron,7095.270,9238,1,517.705
154893,AN18B003,ascending_neuron,5807.569,6903,1,128.699
162471,AN09B020,ascending_neuron,5295.269,6925,1,212.484
163530,AN05B054_b,ascending_neuron,3801.309,5774,1,97.893
168208,AN07B071_d,ascending_neuron,1901.512,2630,1,189.299
170347,AN19B100,ascending_neuron,1844.821,2741,1,246.503
195227,AN10B039,ascending_neuron,1424.621,2114,1,57.079
195620,AN08B031,ascending_neuron,3770.607,5072,2,91.992
204318,AN06A092,ascending_neuron,2110.581,3083,1,156.881
215622,AN10B039,ascending_neuron,1682.342,2526,1,112.080
273577,AN10B045,ascending_neuron,1671.484,2518,2,309.128
285201,AN07B069_a,ascending_neuron,1673.830,2348,1,201.741
513169,AN09B018,ascending_neuron,8787.454,11796,1,439.528
513811,AN19B018,ascending_neuron,4429.928,5444,1,202.484
514525,AN01B011,ascending_neuron,2709.960,3657,1,462.232
516431,AN07B036,ascending_neuron,2928.081,3742,1,724.248
530835,AN05B009,ascending_neuron,16699.664,22046,1,299.691
805992,AN27X011,ascending_neuron,6668.506,8152,9,477.091
808752,IN10B058,ascending_neuron,1496.704,2227,1,174.229
811494,AN07B050,ascending_neuron,2445.917,3435,1,444.806
815332,AN07B056,ascending_neuron,1507.377,2150,1,516.721
10849,GNG117,cb_intrinsic,5933.368,7335,1,109.316
11387,GNG303,cb_intrinsic,3848.573,4710,1,98.630
11559,mALB4,cb_intrinsic,3956.165,4843,1,265.890
11904,PVLP097,cb_intrinsic,2947.460,3766,1,108.092
11975,lLN1_a,cb_intrinsic,7206.014,9303,1,62.421
12018,AVLP435_a,cb_intrinsic,6831.609,8542,1,55.522
12025,PS172,cb_intrinsic,3905.679,4753,1,162.012
12420,CB2153,cb_intrinsic,2524.394,3176,1,184.435
12547,AVLP085,cb_intrinsic,8689.433,11154,1,122.310
12769,AVLP573,cb_intrinsic,7063.287,9479,2,112.696
12776,SLP304,cb_intrinsic,4253.390,5469,2,95.099
12965,M_l2PN10t19,cb_intrinsic,2943.049,3427,1,124.468
13068,PPM1201,cb_intrinsic,9649.173,13423,1,123.986
13335,AVLP700m,cb_intrinsic,2389.770,3123,1,131.916
13520,FLA001m,cb_intrinsic,1926.674,2602,1,170.572
13572,CRE106,cb_intrinsic,1962.365,2622,2,190.955
14252,CB3682,cb_intrinsic,3045.040,3910,1,110.073
14548,GNG154,cb_intrinsic,3251.210,3995,1,100.721
14658,PS355,cb_intrinsic,3716.922,4633,1,124.639
15005,DM6_adPN,cb_intrinsic,1189.830,1141,1,149.799
15149,ATL029,cb_intrinsic,2380.287,3187,2,50.737
15997,WED165,cb_intrinsic,3203.864,4271,1,101.966
16397,GNG076,cb_intrinsic,3832.121,4898,2,84.262
16654,AVLP489,cb_intrinsic,3832.340,5133,1,123.352
16989,GNG251,cb_intrinsic,2177.886,2793,1,130.331
17150,LHAV3k2,cb_intrinsic,2522.400,3241,1,131.624
17480,FB2D,cb_intrinsic,3259.507,4332,1,149.256
17938,PS313,cb_intrinsic,2154.534,2649,1,46.151
17981,WED194,cb_intrinsic,2311.451,2924,1,185.917
18285,VES063,cb_intrinsic,3051.629,3985,1,96.241
18302,SAD200m,cb_intrinsic,2073.575,2713,1,123.738
18555,AVLP183,cb_intrinsic,2736.417,3788,1,181.723
19617,SMP120,cb_intrinsic,1565.699,2068,2,62.347
19932,PS324,cb_intrinsic,2430.839,3139,1,188.231
20482,AVLP284,cb_intrinsic,2930.230,3970,1,81.688
20924,SMP532_b,cb_intrinsic,1418.138,1820,1,46.613
21398,AVLP483,cb_intrinsic,1529.602,2108,1,116.295
24079,WED045,cb_intrinsic,1968.706,2543,1,92.481
24708,VES021,cb_intrinsic,2092.970,2879,1,106.305
26065,FB4R,cb_intrinsic,1459.477,1961,1,114.960
26300,AVLP311_a2,cb_intrinsic,2186.766,2953,1,45.229
29238,M_lvPNm45,cb_intrinsic,1477.011,1973,1,174.055
29836,PFL3,cb_intrinsic,1554.934,1892,2,160.912
32099,SMP274,cb_intrinsic,1652.203,2232,1,118.999
32230,SMP446,cb_intrinsic,2190.748,3034,2,83.439
32654,LH003m,cb_intrinsic,1775.642,2308,1,89.551
33411,SMP529,cb_intrinsic,4182.638,5472,3,55.981
34311,WED168,cb_intrinsic,2197.935,5604,1,82.193
34903,CRE045,cb_intrinsic,1556.502,2096,2,45.224
35201,CB3931,cb_intrinsic,2433.993,3283,1,118.184
36251,KCg-m,cb_intrinsic,680.135,953,1,158.226
36532,CB0986,cb_intrinsic,1021.082,1368,1,61.649
36704,SMP147,cb_intrinsic,5101.388,6367,2,145.413
37075,CB1545,cb_intrinsic,809.748,1030,1,67.047
37436,GNG354,cb_intrinsic,1311.032,1790,1,57.695
38295,AVLP229,cb_intrinsic,1764.145,2414,1,50.605
38806,AVLP550b,cb_intrinsic,1067.685,1402,1,152.104
39100,GNG612,cb_intrinsic,1794.533,2511,1,88.524
39503,ER3p_a,cb_intrinsic,611.194,722,1,111.481
39567,PFL1,cb_intrinsic,1388.936,1661,1,172.410
41115,CB2636,cb_intrinsic,1112.118,1494,1,203.093
42053,AVLP244,cb_intrinsic,2757.577,3760,1,139.366
42747,LHAV3b2_a,cb_intrinsic,1359.869,1887,1,123.190
44485,KCg-d,cb_intrinsic,727.064,990,2,174.882
45685,PLP106,cb_intrinsic,1633.908,2324,1,271.490
46943,FB7I,cb_intrinsic,1384.397,1872,1,143.368
47139,CB2713,cb_intrinsic,1115.005,1534,1,71.807
47879,PS191,cb_intrinsic,1345.821,1844,1,91.613
50128,FLA004m,cb_intrinsic,1365.384,1904,1,187.888
50241,CB1467,cb_intrinsic,1757.183,2456,1,128.087
50780,CL301,cb_intrinsic,972.061,1359,1,81.031
51538,KCa'b'-ap1,cb_intrinsic,701.952,947,1,144.162
53360,LHAV6a3,cb_intrinsic,1334.790,1788,1,94.951
55049,FC3_c,cb_intrinsic,822.911,1137,1,68.182
55801,LAL180,cb_intrinsic,1768.604,2489,1,162.886
56832,AVLP199,cb_intrinsic,959.787,1378,1,94.834
61409,CB4120,cb_intrinsic,1355.572,1865,1,99.790
61489,WED162,cb_intrinsic,1043.049,1462,1,55.333
63993,IB087,cb_intrinsic,1102.112,1540,1,85.740
64107,LHAV9a1_a,cb_intrinsic,1435.706,1998,1,104.062
64620,SLP129_c,cb_intrinsic,1570.741,2130,4,92.925
64645,KCa'b'-m,cb_intrinsic,741.444,1055,2,143.834
64653,KCa'b'-ap2,cb_intrinsic,688.190,968,1,162.994
66238,KCab-s,cb_intrinsic,637.451,921,1,124.748
68226,KCg-m,cb_intrinsic,824.508,1158,2,156.597
69219,CB2947,cb_intrinsic,864.366,1217,1,69.966
70307,PFNa,cb_intrinsic,725.009,907,1,111.587
72274,CRE096,cb_intrinsic,2227.527,3066,1,64.765
72902,FC1E,cb_intrinsic,687.709,931,1,88.857
81334,FB8C,cb_intrinsic,1646.670,2198,3,119.057
83089,KCab-m,cb_intrinsic,642.137,938,1,128.674
84708,FC1C_b,cb_intrinsic,688.542,972,1,107.754
85216,KCg-m,cb_intrinsic,736.194,1000,1,133.328
87434,SLP007,cb_intrinsic,1186.164,1653,1,34.825
87528,TuBu07,cb_intrinsic,309.906,378,1,95.404
88518,SMP324,cb_intrinsic,1260.622,1808,1,62.772
94577,LHPV6a9_b,cb_intrinsic,1146.087,1624,2,113.270
95081,KCg-m,cb_intrinsic,764.080,1044,1,126.036
99139,KCg-m,cb_intrinsic,729.784,990,1,123.304
99589,LHAV4g1,cb_intrinsic,1071.159,1444,1,41.617
100181,LHPV5g1_a,cb_intrinsic,1214.568,1734,7,146.258
101898,PFNa,cb_intrinsic,710.157,958,1,125.264
103785,CB3399,cb_intrinsic,907.267,1211,1,75.061
104499,PS087,cb_intrinsic,905.275,1360,1,249.658
111878,KCab-m,cb_intrinsic,654.115,959,1,127.816
112430,CB2404,cb_intrinsic,1272.311,1764,2,50.897
115049,CL190,cb_intrinsic,1197.981,1678,2,102.525
115267,KCab-s,cb_intrinsic,757.660,1101,1,94.800
122614,SLP088_b,cb_intrinsic,917.060,1276,1,112.877
130751,CB4242,cb_intrinsic,1197.028,1741,1,157.863
134092,SMP723m,cb_intrinsic,1351.684,1824,1,70.866
136525,KCg-m,cb_intrinsic,734.700,983,1,138.312
138739,LAL006,cb_intrinsic,1159.161,1680,2,159.353
145031,FS4C,cb_intrinsic,621.927,875,1,129.335
145148,PAM01,cb_intrinsic,1008.854,1381,2,54.895
146456,SLP414,cb_intrinsic,760.517,1040,1,24.030
147637,LHAV2b6,cb_intrinsic,1044.056,1418,1,50.402
152396,WED143_a,cb_intrinsic,1072.481,1464,1,117.601
153543,PFNp_a,cb_intrinsic,411.399,565,1,102.714
155709,CB1617,cb_intrinsic,416.314,543,2,23.679
157675,KCab-c,cb_intrinsic,567.699,847,1,122.710
164966,KCab-m,cb_intrinsic,667.441,951,1,105.968
177717,PFNp_a,cb_intrinsic,391.976,555,1,125.231
180542,vDeltaA_a,cb_intrinsic,476.880,679,1,104.948
181149,PFNp_a,cb_intrinsic,389.148,554,1,111.815
185711,vDeltaA_b,cb_intrinsic,407.466,576,1,77.999
196199,FS4A,cb_intrinsic,656.423,939,1,100.746
512038,PS072,cb_intrinsic,1123.018,1455,1,144.564
513362,AVLP377,cb_intrinsic,1497.994,1930,1,42.559
515043,CB1417,cb_intrinsic,1479.209,2007,1,116.819
515234,hDeltaA,cb_intrinsic,1420.427,1672,1,101.946
517702,CB3657,cb_intrinsic,2423.507,3414,1,116.007
519320,SIP020_c,cb_intrinsic,1842.968,2443,1,170.288
519396,PS240,cb_intrinsic,2728.370,3718,2,84.778
519421,CL062_a2,cb_intrinsic,2519.357,3372,1,169.703
519519,AVLP733m,cb_intrinsic,3053.878,4059,3,127.586
519916,AVLP309,cb_intrinsic,1979.135,2647,1,39.701
521715,CB0829,cb_intrinsic,2617.214,3506,1,90.183
523834,mAL_m5c,cb_intrinsic,3140.266,3873,1,163.923
525979,CB2538,cb_intrinsic,4342.060,5912,1,44.271
527016,CB0998,cb_intrinsic,1467.863,2040,1,76.643
529427,CB1899,cb_intrinsic,1030.709,1383,1,78.046
531642,PVLP085,cb_intrinsic,1649.582,2094,1,50.592
533346,KCg-m,cb_intrinsic,791.796,1072,1,119.312
535675,SMP155,cb_intrinsic,5163.056,6856,1,75.602
536309,WED057,cb_intrinsic,993.731,1376,1,78.213
553387,CB2667,cb_intrinsic,1491.848,2045,1,107.907
560842,SMP007,cb_intrinsic,1633.797,2274,4,152.500
566092,KCg-m,cb_intrinsic,828.124,1163,1,141.598
580846,WED056,cb_intrinsic,1373.381,1759,1,55.450
800179,IN23B018,vnc_intrinsic,2114.030,2623,1,84.597
800334,IN17A007,vnc_intrinsic,7280.384,8992,1,148.349
800797,IN13B014,vnc_intrinsic,2708.715,3121,1,96.374
800997,IN14A001,vnc_intrinsic,3373.143,3670,1,97.422
801075,IN18B011,vnc_intrinsic,4716.384,6261,1,161.272
801700,INXXX058,vnc_intrinsic,4239.530,5238,1,109.128
801790,INXXX180,vnc_intrinsic,4892.621,6867,1,124.087
802018,IN03B049,vnc_intrinsic,1615.229,2062,1,185.331
802089,IN00A009,vnc_intrinsic,6333.446,8410,1,85.440
802097,IN05B032,vnc_intrinsic,4327.668,5574,1,216.283
802169,IN20A.22A009,vnc_intrinsic,3336.419,4479,1,87.933
802593,IN06A083,vnc_intrinsic,1234.450,1781,1,376.588
802724,IN12A019_b,vnc_intrinsic,3597.798,4756,1,125.414
802768,IN09A007,vnc_intrinsic,6778.930,9263,1,125.374
802897,IN17A060,vnc_intrinsic,3803.936,5307,1,90.325
803041,IN10B012,vnc_intrinsic,3837.093,4744,1,95.033
803095,IN12A021_c,vnc_intrinsic,5555.822,7870,1,125.118
803141,IN14B011,vnc_intrinsic,1721.739,2201,1,127.685
803270,IN23B018,vnc_intrinsic,2619.753,3438,1,92.617
803290,vPR9_b,vnc_intrinsic,3376.758,4526,1,76.561
803390,INXXX460,vnc_intrinsic,987.489,1393,1,87.688
803427,IN01A025,vnc_intrinsic,3261.153,4123,1,205.941
803440,INXXX035,vnc_intrinsic,6898.834,8692,2,66.777
803593,IN23B023,vnc_intrinsic,3104.930,4112,1,94.224
803619,vPR9_c,vnc_intrinsic,3566.231,4669,1,72.345
803721,IN16B041,vnc_intrinsic,3274.666,4296,1,90.425
803749,vPR6,vnc_intrinsic,3747.808,4994,1,159.330
803791,IN20A.22A030,vnc_intrinsic,2002.732,2798,1,102.580
803869,INXXX138,vnc_intrinsic,3972.761,5364,1,225.770
804016,IN11A003,vnc_intrinsic,3194.738,4126,1,143.455
804079,IN00A045,vnc_intrinsic,3270.961,4462,1,42.338
804094,IN03A062_a,vnc_intrinsic,1856.464,2476,1,84.541
804158,IN12B024_a,vnc_intrinsic,4748.798,17522,1,70.949
804183,IN04B071,vnc_intrinsic,2429.606,3414,1,95.472
804431,INXXX377,vnc_intrinsic,2292.155,3169,1,50.974
804511,IN03A044,vnc_intrinsic,3023.638,4175,1,83.191
804601,IN12A005,vnc_intrinsic,6271.294,7877,1,206.617
804619,IN06B056,vnc_intrinsic,2437.681,3264,1,92.186
804640,IN03A033,vnc_intrinsic,2554.424,3316,1,74.070
805005,INXXX265,vnc_intrinsic,2291.791,2913,1,81.455
805198,IN03A030,vnc_intrinsic,2112.246,2659,1,78.480
805227,IN19B040,vnc_intrinsic,2586.310,3343,1,165.058
805322,IN13B033,vnc_intrinsic,1115.812,1186,1,109.455
805364,IN13A030,vnc_intrinsic,2866.324,3643,2,92.905
805555,IN07B061,vnc_intrinsic,2187.760,2948,1,77.128
805673,AN19B046,vnc_intrinsic,2947.051,3885,1,86.976
805728,IN06A022,vnc_intrinsic,727.212,676,1,108.819
805746,IN08B060,vnc_intrinsic,2431.859,3378,1,190.163
805762,IN13B049,vnc_intrinsic,2246.823,3039,1,111.352
805766,IN03B051,vnc_intrinsic,1744.927,2357,1,112.504
805932,IN03B012,vnc_intrinsic,3282.295,3327,1,186.108
806030,IN16B080,vnc_intrinsic,2094.326,2838,1,88.216
806262,IN20A.22A024,vnc_intrinsic,2154.056,2896,1,98.926
806627,IN01A083_b,vnc_intrinsic,1341.113,1843,1,100.712
806659,IN20A.22A048,vnc_intrinsic,1054.439,1346,1,60.956
806924,IN23B029,vnc_intrinsic,2292.149,3006,1,140.802
807211,IN06B053,vnc_intrinsic,1913.841,2542,1,204.559
807278,IN04B074,vnc_intrinsic,2824.945,3809,1,116.739
807409,IN23B074,vnc_intrinsic,1322.626,1802,1,121.376
807568,"IN17A088,IN17A089",vnc_intrinsic,2261.276,3154,1,106.837
807615,IN04B077,vnc_intrinsic,2528.604,3470,1,68.720
807808,IN12B023,vnc_intrinsic,2257.538,2961,1,75.732
808053,IN20A.22A022,vnc_intrinsic,1704.195,2430,1,104.640
808095,IN14A024,vnc_intrinsic,1380.255,1867,1,52.219
808393,IN19B077,vnc_intrinsic,2243.838,3165,1,98.763
808541,IN23B067_d,vnc_intrinsic,1583.424,2122,2,131.340
808619,IN08B056,vnc_intrinsic,1891.482,2509,1,182.880
808651,IN14A036,vnc_intrinsic,1322.332,1779,1,72.426
808900,IN08A026,vnc_intrinsic,1944.363,2727,1,87.352
809263,IN01B048_b,vnc_intrinsic,1340.752,1821,1,128.125
809560,IN23B067_a,vnc_intrinsic,1362.197,1920,1,128.898
809790,IN16B075_c,vnc_intrinsic,1407.472,1968,1,74.815
809897,IN09A046,vnc_intrinsic,1367.931,1791,1,117.783
810081,IN09A019,vnc_intrinsic,1696.974,2176,1,220.338
810244,IN16B086,vnc_intrinsic,1466.867,1978,1,71.703
810613,IN20A.22A065,vnc_intrinsic,1350.878,1842,1,86.396
810690,IN01B067,vnc_intrinsic,1172.517,1598,1,135.224
810748,IN00A057,vnc_intrinsic,1326.179,1767,1,141.652
810912,IN16B114,vnc_intrinsic,1313.475,1784,1,72.725
811055,IN13B078,vnc_intrinsic,1481.083,2023,1,111.746
811299,IN11B018,vnc_intrinsic,1471.598,2095,2,60.003
811340,IN03B069,vnc_intrinsic,1021.267,1289,1,119.240
811421,IN01A071,vnc_intrinsic,1429.916,1946,1,173.134
811552,IN03B065,vnc_intrinsic,2066.100,2836,1,137.080
811809,IN03B075,vnc_intrinsic,1543.368,2197,1,85.256
811932,IN02A035,vnc_intrinsic,1287.439,1792,1,76.412
812016,IN08A041,vnc_intrinsic,1015.056,1401,1,72.471
812317,IN11A032_b,vnc_intrinsic,1487.104,2169,1,103.768
812320,IN02A050,vnc_intrinsic,1339.257,1892,1,116.626
812403,IN02A053,vnc_intrinsic,1240.571,1761,1,132.185
812532,IN10B058,vnc_intrinsic,954.343,1362,1,146.849
812672,IN12B050,vnc_intrinsic,2034.130,2805,1,94.958
813137,IN09B049,vnc_intrinsic,1519.803,2225,1,102.160
813150,IN12B045,vnc_intrinsic,2095.060,2925,1,78.956
813277,IN09A065,vnc_intrinsic,918.725,1220,1,95.930
813382,IN13B079,vnc_intrinsic,1178.827,1613,1,119.491
813440,IN08A036,vnc_intrinsic,1261.417,1675,1,72.625
813489,IN10B042,vnc_intrinsic,854.320,1265,2,167.610
814006,IN19B071,vnc_intrinsic,1723.057,2353,1,57.344
814119,IN07B098,vnc_intrinsic,726.186,954,1,255.940
814199,IN13A059,vnc_intrinsic,1045.286,1317,1,72.357
814264,IN09A079,vnc_intrinsic,1274.497,1779,1,62.499
814471,IN11B021_e,vnc_intrinsic,917.782,1243,3,68.439
815201,IN03B073,vnc_intrinsic,1210.333,1658,1,208.488
815542,IN01A082,vnc_intrinsic,954.330,1315,1,179.844
816291,IN09B050,vnc_intrinsic,1351.376,1921,1,124.002
816607,IN08A036,vnc_intrinsic,767.410,1021,1,71.134
816668,IN21A082,vnc_intrinsic,1022.586,1381,1,57.273
816725,IN13B072,vnc_intrinsic,758.379,1000,1,97.883
816828,IN19A041,vnc_intrinsic,3181.324,4291,2,84.132
816914,IN19A109_b,vnc_intrinsic,1084.030,1426,1,72.013
817053,IN06A075,vnc_intrinsic,1134.273,1526,1,183.581
817583,IN19A088_d,vnc_intrinsic,1134.980,1515,1,98.895
818265,IN09A044,vnc_intrinsic,521.294,706,1,108.069
818326,IN20A.22A092,vnc_intrinsic,670.935,952,1,126.982
818681,IN19A065,vnc_intrinsic,1453.662,1966,1,105.432
819473,IN19A117,vnc_intrinsic,722.979,1018,1,108.489
822331,IN01A082,vnc_intrinsic,1202.842,1627,1,170.494
824886,IN01B093,vnc_intrinsic,684.377,989,2,69.885
826146,IN19A114,vnc_intrinsic,356.577,404,1,70.873
902341,IN09A037,vnc_intrinsic,1631.022,2227,2,76.007
902483,IN09A003,vnc_intrinsic,8365.510,10557,1,91.333
903116,IN09A006,vnc_intrinsic,8354.079,11016,1,89.344
903419,IN23B023,vnc_intrinsic,3064.041,4111,1,106.424
903784,IN09A064,vnc_intrinsic,862.815,1127,1,96.653
904186,IN04B036,vnc_intrinsic,3207.138,4306,1,73.817
904325,IN09A027,vnc_intrinsic,1488.345,1921,1,101.826
904397,IN16B092,vnc_intrinsic,1430.082,1927,1,82.197
904539,IN11B001,vnc_intrinsic,1865.455,1715,2,33.827
905258,IN19A088_e,vnc_intrinsic,1378.322,1838,1,94.630
905303,IN27X014,vnc_intrinsic,5142.645,6584,1,107.400
905610,IN12B040,vnc_intrinsic,1778.895,2249,1,80.294
906622,INXXX385,vnc_intrinsic,2254.044,2966,1,55.447
907370,INXXX379,vnc_intrinsic,2345.239,3087,1,37.238
907761,IN11B025,vnc_intrinsic,1378.058,1870,1,59.241
907951,IN03B043,vnc_intrinsic,2721.977,3730,1,103.992
908351,IN20A.22A053,vnc_intrinsic,1155.452,1480,1,72.446
909002,IN03A051,vnc_intrinsic,2020.265,2702,1,118.610
909084,IN23B033,vnc_intrinsic,1562.973,1940,1,153.535
909128,IN06A096,vnc_intrinsic,1541.609,2124,1,178.650
909328,IN06B064,vnc_intrinsic,2014.242,2762,1,143.811
909376,IN01B021,vnc_intrinsic,1504.159,1853,1,42.209
910551,IN12B022,vnc_intrinsic,2143.771,2795,2,69.232
910785,IN10B033,vnc_intrinsic,1400.302,1880,1,75.963
911083,IN03A082,vnc_intrinsic,810.077,1105,4,114.059
912163,IN06B040,vnc_intrinsic,1606.586,2191,1,386.940
936541,IN20A.22A048,vnc_intrinsic,1242.595,1616,1,65.681
937655,IN04B100,vnc_intrinsic,1097.221,1435,2,107.754
944269,IN04B100,vnc_intrinsic,918.402,1241,2,105.264
1053644230,IN19A117,vnc_intrinsic,341.023,514,2,119.985
