edges,in_degree_sd,in_degree_max,out_degree_sd,out_degree_max,total_cost_um,median_length_um,cross_compartment_fraction,reciprocity,transitivity,flow,pairs,neck_crossing_edges,rich_routes,model,index
490964,5.65065,55,9.60968,222,9.26263e+07,157.611,0.0808898,0.00362959,0.0050716,8311,275250,39074,5775,G,0
490923,5.67613,56,9.6427,217,9.26468e+07,157.788,0.0811553,0.00398026,0.00501549,8346,275617,39018,7310,G,1
490386,5.66869,60,9.67331,239,9.25774e+07,157.857,0.0808628,0.00367058,0.00505765,8279,275617,39215,6465,G,2
490516,5.68472,57,9.70773,231,9.28135e+07,157.853,0.0819851,0.00386124,0.00505923,8321,275617,39587,7392,G,3
491430,5.67626,58,9.73824,231,9.28583e+07,158.034,0.0812791,0.0039029,0.00511023,8359,275617,39411,6712,G,4
491441,5.69802,63,9.69763,255,9.26103e+07,157.237,0.0812061,0.00376851,0.00515064,8229,275617,39245,6090,G,5
490705,5.70305,68,9.59925,247,9.26301e+07,157.428,0.0810976,0.00379862,0.00512191,8470,275617,39243,6993,G,6
491005,5.6716,70,9.56592,222,9.26727e+07,157.765,0.0806183,0.00401218,0.00510107,8363,275617,39040,6172,G,7
491572,5.67539,60,9.6434,226,9.29503e+07,157.912,0.08116,0.00370648,0.00512125,8357,275250,39407,6223,G,8
490311,5.68341,62,9.64949,212,9.2567e+07,157.871,0.0814646,0.00378943,0.00508039,8430,275617,39289,6286,G,9
490658,5.64845,58,9.63,222,9.24897e+07,157.407,0.0813316,0.00380306,0.00508684,8362,275617,39190,6197,G,10
491122,5.67122,79,9.70177,239,9.27287e+07,157.634,0.0817271,0.00364472,0.00509112,8581,275250,39436,6455,G,11
492206,5.67661,57,9.68636,237,9.29221e+07,157.773,0.0811916,0.00392519,0.00508986,8377,275250,39240,6463,G,12
490100,5.66613,64,9.66355,231,9.25815e+07,157.529,0.0817058,0.00387268,0.00503681,8312,275617,39407,7132,G,13
492008,5.72164,70,9.65844,246,9.29155e+07,157.809,0.0811877,0.00381701,0.00510507,8404,275617,39369,6082,G,14
490256,5.68101,62,9.6545,236,9.23666e+07,157.277,0.0810944,0.0038021,0.00507545,8259,275617,38950,5472,G,15
490727,5.6767,67,9.60449,227,9.2624e+07,157.459,0.0820293,0.00394517,0.00509708,8361,275617,39278,7058,G,16
490952,5.68814,55,9.71761,233,9.28398e+07,157.874,0.0818919,0.00381707,0.00505632,8488,275617,39587,7396,G,17
490524,5.65674,67,9.61055,224,9.26237e+07,157.658,0.0818166,0.0035513,0.00507901,8455,275617,39268,7599,G,18
490788,5.67444,67,9.64127,244,9.26996e+07,157.773,0.0813243,0.00373685,0.00502612,8562,275617,39305,7727,G,19
490980,5.66231,59,9.75309,270,9.29294e+07,157.915,0.0821948,0.00381686,0.00502934,8362,275617,40135,6499,G,20
490171,5.66882,65,9.59104,242,9.24739e+07,157.484,0.0806372,0.00384356,0.00509195,8362,275617,39162,7173,G,21
491631,5.6922,55,9.7654,264,9.27672e+07,157.265,0.0809042,0.0037101,0.00508527,8617,275617,39276,6236,G,22
489845,5.65293,49,9.63393,214,9.24994e+07,157.624,0.081634,0.00367055,0.00508683,8398,275617,39129,7407,G,23
490885,5.67886,59,9.66344,212,9.2697e+07,157.589,0.081624,0.003785,0.00506415,8459,275617,39304,5991,G,24
491773,5.63217,60,9.66154,263,9.27765e+07,157.234,0.0814725,0.00395711,0.00513171,8391,275617,39574,7463,G,25
492015,5.6107,65,9.6352,209,9.2805e+07,157.6,0.0816804,0.00383728,0.00513729,8381,275617,39214,6274,G,26
491561,5.69202,51,9.65379,249,9.2685e+07,157.47,0.0813938,0.00388151,0.00506724,8334,275617,39160,6425,G,27
492171,5.70574,50,9.69984,251,9.29687e+07,157.739,0.0814818,0.00358818,0.00520398,8269,275617,39227,7072,G,28
490901,5.63757,52,9.6056,241,9.25386e+07,157.473,0.0802198,0.0038134,0.00515716,8299,275617,39009,5946,G,29
490431,5.69123,49,9.64989,243,9.2433e+07,157.44,0.0813754,0.00372733,0.00506416,8150,275617,39167,6391,G,30
490223,5.6825,56,9.64334,247,9.24746e+07,157.649,0.0808102,0.00401858,0.00510287,8053,275250,39066,6546,G,31
491270,5.63531,75,9.68091,244,9.28243e+07,157.732,0.0818572,0.00372097,0.00505958,8312,275617,39258,6316,G,32
491844,5.66825,67,9.67909,232,9.28958e+07,157.826,0.0812412,0.00376136,0.00508517,8345,275617,39368,6164,G,33
490722,5.67068,58,9.66229,235,9.2751e+07,157.746,0.0818243,0.0037618,0.00505131,8313,275617,39414,7018,G,34
490683,5.68194,53,9.59816,219,9.25611e+07,157.33,0.0811868,0.00383955,0.00504931,8315,275617,39098,7091,G,35
491283,5.67494,59,9.64877,231,9.2713e+07,157.411,0.0806521,0.00370866,0.00507683,8406,275617,39147,6033,G,36
490436,5.66384,82,9.68105,229,9.26344e+07,157.59,0.0813745,0.00369875,0.00505923,8269,275617,39227,6719,G,37
490530,5.66664,62,9.59066,233,9.25339e+07,157.554,0.0811204,0.00392229,0.00501905,8258,275617,39148,6798,G,38
490421,5.69125,63,9.65242,248,9.25381e+07,157.478,0.0815218,0.00380489,0.00504781,8474,275617,39035,7136,G,39
491277,5.66455,70,9.61351,212,9.28377e+07,157.646,0.0814388,0.00373313,0.00509457,8338,275617,39252,6091,G,40
491171,5.6797,58,9.58967,221,9.2587e+07,157.486,0.0807519,0.00367286,0.00499957,8348,275617,38964,6327,G,41
490922,5.68104,64,9.65434,231,9.2596e+07,157.316,0.0815853,0.00362583,0.0051049,8377,275617,39234,5338,G,42
491048,5.71083,57,9.65418,241,9.26539e+07,157.499,0.08132,0.00393444,0.00512467,8392,275617,39231,6361,G,43
491002,5.65522,67,9.61823,229,9.27239e+07,157.444,0.0815394,0.00390222,0.00506865,8333,275617,39353,5857,G,44
491296,5.72938,60,9.6623,241,9.27478e+07,157.633,0.0812219,0.00367192,0.00508208,8454,275617,39140,7600,G,45
491204,5.65338,69,9.65092,236,9.26615e+07,157.561,0.0811068,0.00377033,0.00514331,8417,275617,39093,7382,G,46
489172,5.65226,57,9.5524,212,9.23147e+07,157.646,0.0814417,0.00385549,0.005109,8575,275617,38778,6655,G,47
489875,5.66671,53,9.52657,243,9.22167e+07,157.276,0.0810717,0.00368665,0.00512711,8256,275617,38926,7007,G,48
490818,5.68369,58,9.67324,249,9.26959e+07,157.737,0.0816433,0.00367957,0.00508991,8364,275250,39413,7497,G,49
490605,7.89156,61,28.954,816,9.12945e+07,153.122,0.0798545,0.00478593,0.00966863,9914,267543,38948,15396,G_deg,0
491503,7.86517,67,29.0927,918,9.15992e+07,153.592,0.0800199,0.00509051,0.00954195,10073,267543,39216,15781,G_deg,1
491293,7.88089,70,29.0426,837,9.13636e+07,152.806,0.0803329,0.00543871,0.00976055,10027,264607,39132,15944,G_deg,2
492091,7.90362,66,29.1865,857,9.16936e+07,153.275,0.0801071,0.00531609,0.00963199,9916,267543,39277,15474,G_deg,3
490939,7.90016,74,29.2095,882,9.13029e+07,153.278,0.0802646,0.00501081,0.009792,10239,269011,39201,15172,G_deg,4
491127,7.9155,72,29.2209,852,9.13725e+07,153.249,0.0801341,0.00516771,0.00974738,10045,267910,39061,16999,G_deg,5
492529,7.86158,66,29.289,888,9.17565e+07,153.358,0.0801638,0.00504742,0.00974074,10104,267543,39290,15648,G_deg,6
490347,7.87391,71,29.1706,879,9.13755e+07,153.527,0.0806347,0.00507396,0.0096538,10009,269378,39179,15642,G_deg,7
491645,7.8928,69,28.9826,804,9.15264e+07,153.278,0.0801208,0.00492632,0.00970565,10040,266810,39198,16051,G_deg,8
490234,7.85457,76,28.8559,845,9.1169e+07,153.276,0.0799414,0.00492826,0.00963599,9929,267176,38884,15597,G_deg,9
490966,7.83585,69,29.0422,875,9.1375e+07,153.062,0.0799057,0.00496165,0.00989536,10028,266442,39016,15052,G_deg,10
488996,7.81843,75,29.0594,868,9.09503e+07,153.006,0.0804076,0.00550925,0.00978675,9939,266443,39133,14996,G_deg,11
492044,7.87504,67,29.0538,868,9.15744e+07,152.916,0.0803709,0.0051093,0.00979989,10093,267910,39136,16514,G_deg,12
491131,7.88489,69,29.2166,848,9.15517e+07,153.427,0.080447,0.00507807,0.00962672,10038,266076,39154,16036,G_deg,13
489862,7.84436,67,28.9091,837,9.11206e+07,153.04,0.0800634,0.00507898,0.00968754,9817,269745,39013,16031,G_deg,14
490022,7.88316,76,29.036,856,9.11815e+07,153.166,0.0805678,0.00513038,0.00979474,9981,269379,39125,15390,G_deg,15
489987,7.86041,70,29.0415,845,9.12354e+07,153.322,0.0806266,0.0048736,0.00972451,10054,267176,39265,15261,G_deg,16
491234,7.85664,86,29.0216,843,9.13229e+07,153.202,0.0799334,0.00502001,0.00970499,10061,266075,38739,15762,G_deg,17
489733,7.83702,69,29.0433,860,9.11665e+07,153.416,0.0801028,0.00494147,0.0097172,10035,267177,38977,15446,G_deg,18
491315,7.903,71,29.1625,881,9.15087e+07,153.359,0.0799752,0.00512909,0.00976131,9962,267176,39218,14919,G_deg,19
491144,7.84671,78,29.167,864,9.13657e+07,153.234,0.0803919,0.00512681,0.00968879,9851,267911,39064,15430,G_deg,20
492044,7.86778,70,29.1454,840,9.17322e+07,153.664,0.0807062,0.00522717,0.00966198,9993,270112,39375,15523,G_deg,21
491326,7.89258,77,29.1188,884,9.16025e+07,153.406,0.0802441,0.00514526,0.00966374,10073,267543,39296,14599,G_deg,22
490917,7.85972,68,29.0749,852,9.15775e+07,153.35,0.0809505,0.00504362,0.00975305,9959,268277,39387,15698,G_deg,23
491109,7.88338,71,29.1157,871,9.14653e+07,153.415,0.0799354,0.00515568,0.00973378,10050,267910,38945,15481,G_deg,24
491247,7.85993,66,28.9306,839,9.18486e+07,153.78,0.0811995,0.00508502,0.00967101,10128,267176,39631,15418,G_deg,25
490577,7.81803,63,29.131,848,9.13119e+07,153.257,0.0802361,0.00494927,0.00973576,9976,268644,38890,15626,G_deg,26
489287,7.86002,65,28.8501,873,9.11496e+07,153.176,0.0802494,0.00501137,0.00968927,9971,268644,39034,15542,G_deg,27
491015,7.87471,65,29.1259,930,9.14236e+07,153.206,0.0800831,0.00503854,0.0096878,10036,268277,39177,15409,G_deg,28
490915,7.87338,72,29.0381,876,9.16736e+07,153.488,0.0805211,0.00511698,0.00962305,9927,267543,39388,15901,G_deg,29
489249,7.85789,76,28.9601,852,9.1207e+07,153.463,0.0801044,0.00514258,0.00973176,9886,269011,39049,15313,G_deg,30
491011,7.88123,74,29.0845,894,9.145e+07,153.239,0.0805542,0.00524225,0.00981434,10050,269011,39272,15734,G_deg,31
491140,7.91181,69,29.0081,845,9.15099e+07,153.387,0.0801482,0.00506169,0.00968112,10111,270112,39409,15354,G_deg,32
491538,7.84128,74,29.0658,859,9.17691e+07,153.55,0.0807364,0.00494367,0.00974012,9904,267176,39564,15155,G_deg,33
491471,7.91537,69,29.1541,888,9.14799e+07,153.125,0.0800047,0.00511119,0.0097132,9997,269378,39274,15765,G_deg,34
489453,7.80761,80,29.09,891,9.11252e+07,153.13,0.0808086,0.00518129,0.00957548,9922,269012,39131,15215,G_deg,35
491793,7.86007,68,29.2002,814,9.16409e+07,153.354,0.0806356,0.00483943,0.00968658,10245,270112,39424,16404,G_deg,36
490242,7.88029,70,29.0304,839,9.11998e+07,153.259,0.0803073,0.00525455,0.00963892,10002,267910,39167,15277,G_deg,37
491530,7.84049,82,28.9224,858,9.14993e+07,153.586,0.0796859,0.00511464,0.00970007,9833,268277,39063,15446,G_deg,38
490900,7.89957,71,29.1231,870,9.14741e+07,153.619,0.0803035,0.00481564,0.00971282,9979,268277,39346,15479,G_deg,39
490139,7.90435,67,28.9579,821,9.15318e+07,153.539,0.0808587,0.00493737,0.00962421,10051,267543,39502,15942,G_deg,40
490997,7.84132,74,29.0061,839,9.13426e+07,153.272,0.080194,0.00492875,0.00967892,10177,265708,39054,15346,G_deg,41
490770,7.93836,63,28.9266,824,9.13138e+07,153.35,0.0802881,0.0048862,0.00973783,10023,266075,38945,14965,G_deg,42
492055,7.85467,66,29.1363,834,9.15073e+07,153.119,0.0803609,0.00497505,0.00983394,9985,267543,39358,15133,G_deg,43
491322,7.86575,65,29.1796,838,9.14687e+07,153.137,0.0806396,0.0047993,0.00970347,9996,268278,39397,15080,G_deg,44
489663,7.82003,61,28.8675,836,9.1297e+07,153.52,0.0803042,0.00491358,0.00966632,9970,265342,39188,14874,G_deg,45
490262,7.83313,72,29.0432,826,9.13583e+07,153.145,0.0808343,0.00518498,0.00973882,9976,269378,39358,15040,G_deg,46
491299,7.86396,65,29.1225,865,9.14703e+07,153.335,0.080218,0.0052351,0.00958697,9831,267177,38971,15589,G_deg,47
490015,7.83463,81,29.0658,888,9.1401e+07,153.475,0.0797363,0.00519984,0.00975356,9832,269011,39136,14845,G_deg,48
490345,7.81257,72,29.1671,862,9.12911e+07,153.253,0.0798948,0.00513924,0.00956044,9701,265341,39080,15057,G_deg,49
