permutation,primary,weighted,within_compartment,synapse_positions
0,2.02392e+08,3.15865e+10,1.28066e+08,1.75334e+08
1,2.02991e+08,3.24174e+10,1.2821e+08,1.75964e+08
2,2.03083e+08,3.24315e+10,1.27953e+08,1.76428e+08
3,2.01772e+08,3.22041e+10,1.28212e+08,1.75083e+08
4,2.0264e+08,3.28109e+10,1.27998e+08,1.75785e+08
5,2.03097e+08,3.33668e+10,1.28227e+08,1.7588e+08
6,2.02659e+08,3.22466e+10,1.27735e+08,1.76052e+08
7,2.02701e+08,3.24025e+10,1.28053e+08,1.75387e+08
8,2.03188e+08,3.2269e+10,1.27643e+08,1.76077e+08
9,2.02906e+08,3.1596e+10,1.27808e+08,1.75958e+08
10,2.02525e+08,3.15166e+10,1.27921e+08,1.75611e+08
11,2.02905e+08,3.25558e+10,1.27952e+08,1.75851e+08
12,2.02958e+08,3.07543e+10,1.27984e+08,1.75922e+08
13,2.02803e+08,3.16985e+10,1.27965e+08,1.75613e+08
14,2.03734e+08,3.23728e+10,1.27876e+08,1.76613e+08
15,2.02531e+08,3.14833e+10,1.27862e+08,1.7555e+08
16,2.03098e+08,3.14972e+10,1.28011e+08,1.75893e+08
17,2.034e+08,3.29168e+10,1.27706e+08,1.75871e+08
18,2.02776e+08,3.25491e+10,1.28145e+08,1.75678e+08
19,2.03061e+08,3.2517e+10,1.27907e+08,1.76041e+08
20,2.04115e+08,3.16162e+10,1.28161e+08,1.76774e+08
21,2.03187e+08,3.18517e+10,1.27747e+08,1.7629e+08
22,2.02629e+08,3.17855e+10,1.28093e+08,1.75879e+08
23,2.02739e+08,3.20942e+10,1.27912e+08,1.76024e+08
24,2.03969e+08,3.29634e+10,1.27663e+08,1.76864e+08
25,2.03795e+08,3.30988e+10,1.27981e+08,1.76668e+08
26,2.03386e+08,3.29778e+10,1.2815e+08,1.76556e+08
27,2.03057e+08,3.20256e+10,1.27774e+08,1.75872e+08
28,2.03343e+08,3.16426e+10,1.27983e+08,1.76178e+08
29,2.02976e+08,3.17116e+10,1.28189e+08,1.75497e+08
30,2.02678e+08,3.1712e+10,1.27662e+08,1.75829e+08
31,2.03336e+08,3.23626e+10,1.2776e+08,1.7618e+08
32,2.02398e+08,3.22462e+10,1.28077e+08,1.75146e+08
33,2.03271e+08,3.27019e+10,1.27911e+08,1.76171e+08
34,2.03143e+08,3.23786e+10,1.27586e+08,1.75885e+08
35,2.02259e+08,3.21781e+10,1.28061e+08,1.75498e+08
36,2.03043e+08,3.26259e+10,1.27792e+08,1.75929e+08
37,2.03503e+08,3.25597e+10,1.27926e+08,1.76204e+08
38,2.02226e+08,3.22973e+10,1.277e+08,1.75407e+08
39,2.02902e+08,3.32979e+10,1.2799e+08,1.75787e+08
40,2.02903e+08,3.28632e+10,1.27823e+08,1.75696e+08
41,2.03091e+08,3.20172e+10,1.27896e+08,1.76353e+08
42,2.03508e+08,3.24433e+10,1.2809e+08,1.76139e+08
43,2.02569e+08,3.17069e+10,1.27776e+08,1.75717e+08
44,2.02674e+08,3.1121e+10,1.28003e+08,1.7551e+08
45,2.03069e+08,3.25858e+10,1.28145e+08,1.76101e+08
46,2.02562e+08,3.23691e+10,1.28087e+08,1.7548e+08
47,2.02495e+08,3.17866e+10,1.28187e+08,1.75284e+08
48,2.02696e+08,3.30198e+10,1.27889e+08,1.75638e+08
49,2.03466e+08,3.22308e+10,1.2837e+08,1.76304e+08
50,2.02612e+08,3.20864e+10,1.27843e+08,1.75776e+08
51,2.03979e+08,3.22247e+10,1.28232e+08,1.76658e+08
52,2.03087e+08,3.25191e+10,1.2778e+08,1.76156e+08
53,2.02903e+08,3.30871e+10,1.28096e+08,1.75772e+08
54,2.0323e+08,3.24323e+10,1.2836e+08,1.76265e+08
55,2.03139e+08,3.16401e+10,1.28409e+08,1.76157e+08
56,2.02781e+08,3.19342e+10,1.27861e+08,1.75991e+08
57,2.0336e+08,3.2688e+10,1.28264e+08,1.76285e+08
58,2.03267e+08,3.24388e+10,1.27734e+08,1.76376e+08
59,2.03139e+08,3.30381e+10,1.27836e+08,1.76052e+08
60,2.03568e+08,3.22674e+10,1.27423e+08,1.76092e+08
61,2.02763e+08,3.2777e+10,1.28174e+08,1.75753e+08
62,2.03299e+08,3.19021e+10,1.28191e+08,1.76118e+08
63,2.03373e+08,3.24547e+10,1.28051e+08,1.76214e+08
64,2.02785e+08,3.2655e+10,1.28039e+08,1.75794e+08
65,2.03414e+08,3.25207e+10,1.27651e+08,1.76326e+08
66,2.02318e+08,3.29365e+10,1.2789e+08,1.75366e+08
67,2.03268e+08,3.31632e+10,1.27751e+08,1.76323e+08
68,2.0239e+08,3.21752e+10,1.27832e+08,1.75535e+08
69,2.03673e+08,3.27467e+10,1.27552e+08,1.76191e+08
70,2.03209e+08,3.22573e+10,1.27984e+08,1.76411e+08
71,2.03004e+08,3.16883e+10,1.27866e+08,1.76186e+08
72,2.03378e+08,3.21347e+10,1.28216e+08,1.76639e+08
73,2.02409e+08,3.21794e+10,1.27762e+08,1.75292e+08
74,2.02702e+08,3.17681e+10,1.28029e+08,1.75307e+08
75,2.03244e+08,3.29399e+10,1.27892e+08,1.76095e+08
76,2.03132e+08,3.20665e+10,1.28256e+08,1.76379e+08
77,2.0257e+08,3.17783e+10,1.27733e+08,1.7572e+08
78,2.03054e+08,3.24504e+10,1.28055e+08,1.76008e+08
79,2.03533e+08,3.28509e+10,1.27879e+08,1.76522e+08
80,2.02597e+08,3.32151e+10,1.27643e+08,1.75515e+08
81,2.02641e+08,3.22523e+10,1.27953e+08,1.7546e+08
82,2.03249e+08,3.1787e+10,1.2795e+08,1.7642e+08
83,2.0297e+08,3.19969e+10,1.28124e+08,1.75934e+08
84,2.02878e+08,3.2119e+10,1.28306e+08,1.76193e+08
85,2.02949e+08,3.28497e+10,1.27873e+08,1.76141e+08
86,2.03033e+08,3.1567e+10,1.28015e+08,1.7592e+08
87,2.03567e+08,3.31788e+10,1.27827e+08,1.762e+08
88,2.03032e+08,3.28178e+10,1.27723e+08,1.7603e+08
89,2.03344e+08,3.22706e+10,1.27678e+08,1.76148e+08
90,2.02829e+08,3.19199e+10,1.27518e+08,1.75797e+08
91,2.02911e+08,3.16342e+10,1.2783e+08,1.76113e+08
92,2.03393e+08,3.19619e+10,1.28225e+08,1.76662e+08
93,2.03473e+08,3.2174e+10,1.28252e+08,1.76365e+08
94,2.02933e+08,3.28156e+10,1.27754e+08,1.76041e+08
95,2.02645e+08,3.26524e+10,1.27938e+08,1.75747e+08
96,2.03312e+08,3.23189e+10,1.28104e+08,1.76171e+08
97,2.02979e+08,3.21067e+10,1.2761e+08,1.75704e+08
98,2.02708e+08,3.16732e+10,1.27946e+08,1.75871e+08
99,2.03113e+08,3.22573e+10,1.27984e+08,1.7615e+08
100,2.02955e+08,3.2763e+10,1.28035e+08,1.76016e+08
101,2.03062e+08,3.22627e+10,1.28122e+08,1.76166e+08
102,2.03421e+08,3.18864e+10,1.28213e+08,1.76493e+08
103,2.03147e+08,3.29913e+10,1.27515e+08,1.75845e+08
104,2.03018e+08,3.18979e+10,1.28092e+08,1.75734e+08
105,2.02884e+08,3.17258e+10,1.28036e+08,1.76271e+08
106,2.03455e+08,3.24013e+10,1.28196e+08,1.76554e+08
107,2.02671e+08,3.32362e+10,1.27783e+08,1.75657e+08
108,2.03112e+08,3.2623e+10,1.27886e+08,1.75793e+08
109,2.02981e+08,3.27989e+10,1.28259e+08,1.76131e+08
110,2.02347e+08,3.18898e+10,1.28033e+08,1.75419e+08
111,2.03331e+08,3.2905e+10,1.27742e+08,1.76474e+08
112,2.02966e+08,3.23037e+10,1.2776e+08,1.75955e+08
113,2.03257e+08,3.33724e+10,1.2801e+08,1.75904e+08
114,2.03027e+08,3.24717e+10,1.2796e+08,1.76269e+08
115,2.02655e+08,3.17098e+10,1.27854e+08,1.75522e+08
116,2.03487e+08,3.33533e+10,1.28003e+08,1.76458e+08
117,2.03903e+08,3.15637e+10,1.27929e+08,1.77078e+08
118,2.03283e+08,3.19154e+10,1.27959e+08,1.76479e+08
119,2.03197e+08,3.14902e+10,1.27946e+08,1.7621e+08
120,2.03019e+08,3.29522e+10,1.2784e+08,1.76081e+08
121,2.03358e+08,3.2774e+10,1.27879e+08,1.76303e+08
122,2.0283e+08,3.19821e+10,1.28107e+08,1.75734e+08
123,2.03148e+08,3.21756e+10,1.27946e+08,1.76082e+08
124,2.02817e+08,3.24694e+10,1.28065e+08,1.75827e+08
125,2.02614e+08,3.25562e+10,1.27769e+08,1.7534e+08
126,2.02811e+08,3.24201e+10,1.27926e+08,1.75559e+08
127,2.02765e+08,3.28278e+10,1.28082e+08,1.75763e+08
128,2.02306e+08,3.10265e+10,1.27985e+08,1.75262e+08
129,2.02623e+08,3.25357e+10,1.27932e+08,1.75645e+08
130,2.02351e+08,3.21748e+10,1.2781e+08,1.75343e+08
131,2.03345e+08,3.1835e+10,1.28118e+08,1.76288e+08
132,2.03183e+08,3.28448e+10,1.28276e+08,1.76089e+08
133,2.02849e+08,3.19459e+10,1.27791e+08,1.7561e+08
134,2.02978e+08,3.24369e+10,1.27676e+08,1.76137e+08
135,2.0359e+08,3.33314e+10,1.27893e+08,1.76146e+08
136,2.02436e+08,3.16521e+10,1.28023e+08,1.75648e+08
137,2.02873e+08,3.24464e+10,1.27969e+08,1.75799e+08
138,2.03629e+08,3.2725e+10,1.27889e+08,1.76642e+08
139,2.02882e+08,3.27132e+10,1.27845e+08,1.75993e+08
140,2.03232e+08,3.2899e+10,1.28191e+08,1.76134e+08
141,2.02732e+08,3.2196e+10,1.28466e+08,1.75596e+08
142,2.03194e+08,3.20932e+10,1.27788e+08,1.762e+08
143,2.03214e+08,3.30048e+10,1.28218e+08,1.76286e+08
144,2.02665e+08,3.27223e+10,1.28035e+08,1.75982e+08
145,2.02563e+08,3.11332e+10,1.27943e+08,1.7535e+08
146,2.04141e+08,3.26841e+10,1.27834e+08,1.76715e+08
147,2.02917e+08,3.20006e+10,1.27855e+08,1.75959e+08
148,2.02907e+08,3.26507e+10,1.28008e+08,1.76204e+08
149,2.02153e+08,3.3359e+10,1.27593e+08,1.75271e+08
150,2.03495e+08,3.27246e+10,1.27994e+08,1.76199e+08
151,2.0254e+08,3.27529e+10,1.2824e+08,1.75672e+08
152,2.03236e+08,3.28301e+10,1.27717e+08,1.76124e+08
153,2.03206e+08,3.26243e+10,1.28039e+08,1.76323e+08
154,2.02912e+08,3.19969e+10,1.27899e+08,1.75905e+08
155,2.02939e+08,3.28289e+10,1.27827e+08,1.76093e+08
156,2.02911e+08,3.2408e+10,1.28157e+08,1.76065e+08
157,2.0326e+08,3.18256e+10,1.27988e+08,1.76635e+08
158,2.02585e+08,3.21805e+10,1.27571e+08,1.7592e+08
159,2.03677e+08,3.32921e+10,1.27424e+08,1.76202e+08
160,2.03413e+08,3.33733e+10,1.27503e+08,1.76407e+08
161,2.02864e+08,3.19999e+10,1.27929e+08,1.75931e+08
162,2.03032e+08,3.26407e+10,1.27552e+08,1.75834e+08
163,2.0297e+08,3.26026e+10,1.2766e+08,1.75913e+08
164,2.03077e+08,3.31496e+10,1.28063e+08,1.75941e+08
165,2.03423e+08,3.27186e+10,1.28125e+08,1.76532e+08
166,2.03527e+08,3.28569e+10,1.28149e+08,1.76154e+08
167,2.03189e+08,3.21305e+10,1.2834e+08,1.765e+08
168,2.0291e+08,3.29447e+10,1.27742e+08,1.75473e+08
169,2.0346e+08,3.28827e+10,1.28127e+08,1.76452e+08
170,2.02847e+08,3.2623e+10,1.28151e+08,1.7585e+08
171,2.03864e+08,3.24396e+10,1.28017e+08,1.76685e+08
172,2.02618e+08,3.2543e+10,1.27972e+08,1.75658e+08
173,2.03264e+08,3.2091e+10,1.2786e+08,1.76351e+08
174,2.0397e+08,3.29836e+10,1.27616e+08,1.7724e+08
175,2.02844e+08,3.1987e+10,1.27983e+08,1.75723e+08
176,2.02789e+08,3.31348e+10,1.28289e+08,1.75699e+08
177,2.03155e+08,3.13738e+10,1.28189e+08,1.76051e+08
178,2.03213e+08,3.16e+10,1.28478e+08,1.76117e+08
179,2.02865e+08,3.23563e+10,1.2806e+08,1.7596e+08
180,2.03038e+08,3.23019e+10,1.28427e+08,1.76149e+08
181,2.02495e+08,3.22215e+10,1.27819e+08,1.75096e+08
182,2.03176e+08,3.28262e+10,1.27731e+08,1.76016e+08
183,2.03393e+08,3.31381e+10,1.28159e+08,1.76607e+08
184,2.03422e+08,3.23205e+10,1.27641e+08,1.76242e+08
185,2.02885e+08,3.35792e+10,1.28121e+08,1.75489e+08
186,2.03287e+08,3.15872e+10,1.27919e+08,1.76031e+08
187,2.02841e+08,3.14298e+10,1.27807e+08,1.75634e+08
188,2.03175e+08,3.14203e+10,1.28116e+08,1.76088e+08
189,2.03272e+08,3.25949e+10,1.27752e+08,1.76559e+08
190,2.0252e+08,3.19174e+10,1.27774e+08,1.7523e+08
191,2.03424e+08,3.32706e+10,1.27873e+08,1.7644e+08
192,2.03314e+08,3.23623e+10,1.28636e+08,1.76172e+08
193,2.03235e+08,3.20771e+10,1.27901e+08,1.75964e+08
194,2.03219e+08,3.25257e+10,1.28336e+08,1.76179e+08
195,2.02796e+08,3.17077e+10,1.28175e+08,1.7584e+08
196,2.02994e+08,3.29196e+10,1.279e+08,1.7627e+08
197,2.02764e+08,3.1837e+10,1.28028e+08,1.75866e+08
198,2.02536e+08,3.22201e+10,1.27651e+08,1.75348e+08
199,2.02484e+08,3.20726e+10,1.28066e+08,1.75483e+08
200,2.02582e+08,3.15405e+10,1.27651e+08,1.75572e+08
201,2.03003e+08,3.22121e+10,1.27863e+08,1.76266e+08
202,2.02937e+08,3.22119e+10,1.27985e+08,1.7621e+08
203,2.02603e+08,3.24491e+10,1.27827e+08,1.75625e+08
204,2.02603e+08,3.18976e+10,1.28156e+08,1.75399e+08
205,2.03093e+08,3.28099e+10,1.28081e+08,1.76038e+08
206,2.03409e+08,3.31318e+10,1.27267e+08,1.76599e+08
207,2.03202e+08,3.25959e+10,1.27893e+08,1.76192e+08
208,2.03273e+08,3.19006e+10,1.28144e+08,1.76263e+08
209,2.03358e+08,3.19076e+10,1.27827e+08,1.76378e+08
210,2.03001e+08,3.25828e+10,1.28153e+08,1.76243e+08
211,2.0348e+08,3.28174e+10,1.27945e+08,1.76447e+08
212,2.02828e+08,3.24089e+10,1.28105e+08,1.75734e+08
213,2.02819e+08,3.19318e+10,1.27881e+08,1.75907e+08
214,2.03641e+08,3.2178e+10,1.28015e+08,1.76726e+08
215,2.02923e+08,3.13004e+10,1.28132e+08,1.76019e+08
216,2.02467e+08,3.33894e+10,1.28071e+08,1.75501e+08
217,2.02614e+08,3.17619e+10,1.27348e+08,1.75518e+08
218,2.02695e+08,3.29235e+10,1.28203e+08,1.7588e+08
219,2.02946e+08,3.19992e+10,1.28037e+08,1.75578e+08
220,2.02766e+08,3.29384e+10,1.27915e+08,1.75776e+08
221,2.02132e+08,3.12201e+10,1.27693e+08,1.75249e+08
222,2.03522e+08,3.22937e+10,1.27915e+08,1.76495e+08
223,2.02761e+08,3.20071e+10,1.27714e+08,1.75919e+08
224,2.0346e+08,3.27384e+10,1.27921e+08,1.76422e+08
225,2.03273e+08,3.2296e+10,1.27899e+08,1.76286e+08
226,2.03766e+08,3.1875e+10,1.27951e+08,1.76272e+08
227,2.02656e+08,3.14424e+10,1.27864e+08,1.7607e+08
228,2.02368e+08,3.36715e+10,1.27956e+08,1.75441e+08
229,2.02579e+08,3.13224e+10,1.27858e+08,1.75719e+08
230,2.0312e+08,3.17122e+10,1.27866e+08,1.76291e+08
231,2.03459e+08,3.21327e+10,1.27784e+08,1.76094e+08
232,2.0274e+08,3.12059e+10,1.27676e+08,1.75608e+08
233,2.022e+08,3.16574e+10,1.28374e+08,1.75072e+08
234,2.02887e+08,3.22405e+10,1.27989e+08,1.75688e+08
235,2.03116e+08,3.21132e+10,1.27668e+08,1.75848e+08
236,2.03444e+08,3.29159e+10,1.27864e+08,1.76175e+08
237,2.03631e+08,3.28599e+10,1.27585e+08,1.76429e+08
238,2.03016e+08,3.13169e+10,1.28013e+08,1.75927e+08
239,2.03473e+08,3.13458e+10,1.27723e+08,1.7636e+08
240,2.0294e+08,3.21914e+10,1.27662e+08,1.75944e+08
241,2.03229e+08,3.28018e+10,1.27968e+08,1.76162e+08
242,2.02798e+08,3.26438e+10,1.28003e+08,1.75771e+08
243,2.0245e+08,3.18629e+10,1.27998e+08,1.757e+08
244,2.02971e+08,3.19807e+10,1.2761e+08,1.75761e+08
245,2.03069e+08,3.15961e+10,1.28046e+08,1.76111e+08
246,2.03395e+08,3.29247e+10,1.28067e+08,1.7614e+08
247,2.03188e+08,3.24521e+10,1.27861e+08,1.76223e+08
248,2.03282e+08,3.23201e+10,1.28021e+08,1.76153e+08
249,2.02478e+08,3.17855e+10,1.2765e+08,1.75598e+08
250,2.02687e+08,3.19982e+10,1.28117e+08,1.756e+08
251,2.03141e+08,3.26426e+10,1.2779e+08,1.75753e+08
252,2.03314e+08,3.20065e+10,1.28028e+08,1.76276e+08
253,2.03173e+08,3.33601e+10,1.27524e+08,1.75947e+08
254,2.03318e+08,3.22921e+10,1.28135e+08,1.76291e+08
255,2.03001e+08,3.20843e+10,1.27575e+08,1.7594e+08
256,2.02955e+08,3.26564e+10,1.28215e+08,1.75974e+08
257,2.02963e+08,3.35764e+10,1.28331e+08,1.76067e+08
258,2.03016e+08,3.17921e+10,1.2769e+08,1.75959e+08
259,2.02602e+08,3.22976e+10,1.27965e+08,1.75703e+08
260,2.02934e+08,3.26468e+10,1.28013e+08,1.75703e+08
261,2.01987e+08,3.20132e+10,1.27957e+08,1.74979e+08
262,2.02989e+08,3.28532e+10,1.27849e+08,1.76093e+08
263,2.02229e+08,3.14271e+10,1.27917e+08,1.75308e+08
264,2.03453e+08,3.22946e+10,1.27902e+08,1.76501e+08
265,2.02773e+08,3.29666e+10,1.27535e+08,1.75511e+08
266,2.03128e+08,3.24373e+10,1.27926e+08,1.7635e+08
267,2.03273e+08,3.29859e+10,1.27812e+08,1.76325e+08
268,2.02551e+08,3.12508e+10,1.27841e+08,1.7586e+08
269,2.03181e+08,3.35872e+10,1.27839e+08,1.75974e+08
270,2.02651e+08,3.18124e+10,1.28038e+08,1.75822e+08
271,2.03063e+08,3.20651e+10,1.27936e+08,1.76298e+08
272,2.03267e+08,3.25285e+10,1.27793e+08,1.76159e+08
273,2.028e+08,3.25723e+10,1.27696e+08,1.75836e+08
274,2.02676e+08,3.18419e+10,1.27836e+08,1.7593e+08
275,2.03055e+08,3.2383e+10,1.27753e+08,1.76052e+08
276,2.02732e+08,3.26763e+10,1.28004e+08,1.75641e+08
277,2.03914e+08,3.34736e+10,1.28123e+08,1.76882e+08
278,2.03605e+08,3.19776e+10,1.28017e+08,1.7638e+08
279,2.03414e+08,3.1784e+10,1.27808e+08,1.76516e+08
280,2.02624e+08,3.19782e+10,1.28317e+08,1.75407e+08
281,2.02495e+08,3.21725e+10,1.28027e+08,1.75833e+08
282,2.0278e+08,3.17652e+10,1.27965e+08,1.75834e+08
283,2.02759e+08,3.21891e+10,1.28036e+08,1.75637e+08
284,2.02436e+08,3.25491e+10,1.27825e+08,1.75561e+08
285,2.02862e+08,3.35292e+10,1.27952e+08,1.75718e+08
286,2.02849e+08,3.13855e+10,1.28175e+08,1.75829e+08
287,2.02373e+08,3.30521e+10,1.27912e+08,1.75703e+08
288,2.02913e+08,3.24114e+10,1.27785e+08,1.76041e+08
289,2.03225e+08,3.14946e+10,1.27611e+08,1.76051e+08
290,2.03284e+08,3.22914e+10,1.28042e+08,1.76337e+08
291,2.02793e+08,3.26111e+10,1.27904e+08,1.75702e+08
292,2.03168e+08,3.32644e+10,1.28001e+08,1.76207e+08
293,2.03257e+08,3.2432e+10,1.27946e+08,1.76035e+08
294,2.03468e+08,3.2667e+10,1.27985e+08,1.76846e+08
295,2.03103e+08,3.22529e+10,1.28421e+08,1.75775e+08
296,2.0237e+08,3.2061e+10,1.28049e+08,1.75459e+08
297,2.02914e+08,3.2676e+10,1.2769e+08,1.75632e+08
298,2.03147e+08,3.21553e+10,1.28067e+08,1.76042e+08
299,2.01963e+08,3.15091e+10,1.28605e+08,1.74972e+08
300,2.02682e+08,3.25203e+10,1.27948e+08,1.7562e+08
301,2.03119e+08,3.16991e+10,1.27773e+08,1.76055e+08
302,2.02918e+08,3.30095e+10,1.28193e+08,1.75995e+08
303,2.03521e+08,3.2554e+10,1.27979e+08,1.76474e+08
304,2.02307e+08,3.18369e+10,1.28462e+08,1.7515e+08
305,2.03215e+08,3.23253e+10,1.28088e+08,1.76071e+08
306,2.03123e+08,3.27855e+10,1.27974e+08,1.76354e+08
307,2.02841e+08,3.16758e+10,1.27819e+08,1.75662e+08
308,2.02721e+08,3.24029e+10,1.28146e+08,1.75632e+08
309,2.03457e+08,3.29049e+10,1.27893e+08,1.76726e+08
310,2.02556e+08,3.19177e+10,1.27834e+08,1.75765e+08
311,2.02883e+08,3.22853e+10,1.27828e+08,1.75873e+08
312,2.0318e+08,3.2609e+10,1.27837e+08,1.76171e+08
313,2.03421e+08,3.23642e+10,1.27921e+08,1.76491e+08
314,2.02857e+08,3.15411e+10,1.28265e+08,1.75927e+08
315,2.02827e+08,3.29871e+10,1.27966e+08,1.75923e+08
316,2.03258e+08,3.18895e+10,1.2791e+08,1.76478e+08
317,2.03308e+08,3.29835e+10,1.27953e+08,1.76523e+08
318,2.02823e+08,3.30542e+10,1.2744e+08,1.75779e+08
319,2.02577e+08,3.15693e+10,1.27932e+08,1.75629e+08
320,2.0302e+08,3.26601e+10,1.27844e+08,1.75898e+08
321,2.03051e+08,3.18838e+10,1.27678e+08,1.75967e+08
322,2.02961e+08,3.25779e+10,1.27891e+08,1.76094e+08
323,2.03413e+08,3.25612e+10,1.27658e+08,1.75983e+08
324,2.03211e+08,3.28808e+10,1.27555e+08,1.76474e+08
325,2.02634e+08,3.25327e+10,1.27748e+08,1.75505e+08
326,2.03095e+08,3.29439e+10,1.27288e+08,1.76124e+08
327,2.0312e+08,3.30919e+10,1.27629e+08,1.75705e+08
328,2.03467e+08,3.17943e+10,1.28089e+08,1.76308e+08
329,2.03579e+08,3.32155e+10,1.27915e+08,1.7678e+08
330,2.01921e+08,3.24868e+10,1.27908e+08,1.749e+08
331,2.02924e+08,3.29105e+10,1.27948e+08,1.75853e+08
332,2.03612e+08,3.15855e+10,1.27872e+08,1.76315e+08
333,2.03734e+08,3.29059e+10,1.27915e+08,1.76478e+08
334,2.02533e+08,3.25087e+10,1.28224e+08,1.75456e+08
335,2.03367e+08,3.21473e+10,1.28124e+08,1.76257e+08
336,2.02462e+08,3.2509e+10,1.28112e+08,1.75192e+08
337,2.03328e+08,3.22749e+10,1.28457e+08,1.76256e+08
338,2.03472e+08,3.2954e+10,1.27808e+08,1.76705e+08
339,2.02891e+08,3.3016e+10,1.2787e+08,1.75852e+08
340,2.02759e+08,3.30883e+10,1.27958e+08,1.75749e+08
341,2.02899e+08,3.17377e+10,1.2785e+08,1.75982e+08
342,2.02917e+08,3.12697e+10,1.27908e+08,1.76056e+08
343,2.02232e+08,3.23058e+10,1.27961e+08,1.75453e+08
344,2.03152e+08,3.24956e+10,1.28267e+08,1.75902e+08
345,2.03401e+08,3.28086e+10,1.27488e+08,1.76052e+08
346,2.02787e+08,3.09347e+10,1.27961e+08,1.76108e+08
347,2.03107e+08,3.30633e+10,1.28177e+08,1.76186e+08
348,2.03007e+08,3.12023e+10,1.28101e+08,1.7616e+08
349,2.02956e+08,3.2113e+10,1.27585e+08,1.76302e+08
350,2.02449e+08,3.19945e+10,1.2819e+08,1.7544e+08
351,2.03403e+08,3.26397e+10,1.27714e+08,1.76063e+08
352,2.02482e+08,3.2004e+10,1.281e+08,1.7527e+08
353,2.03141e+08,3.16838e+10,1.27977e+08,1.76037e+08
354,2.03106e+08,3.16076e+10,1.27889e+08,1.75763e+08
355,2.03304e+08,3.21803e+10,1.28193e+08,1.75928e+08
356,2.03616e+08,3.31629e+10,1.27863e+08,1.76452e+08
357,2.03123e+08,3.25429e+10,1.27831e+08,1.76051e+08
358,2.02602e+08,3.23198e+10,1.28024e+08,1.76018e+08
359,2.03138e+08,3.18743e+10,1.2782e+08,1.76299e+08
360,2.03194e+08,3.20079e+10,1.27688e+08,1.75988e+08
361,2.0313e+08,3.16319e+10,1.28641e+08,1.76e+08
362,2.02439e+08,3.29721e+10,1.28191e+08,1.75532e+08
363,2.03167e+08,3.27571e+10,1.27788e+08,1.75654e+08
364,2.02396e+08,3.39634e+10,1.27942e+08,1.75079e+08
365,2.03055e+08,3.15514e+10,1.27808e+08,1.75822e+08
366,2.02916e+08,3.27314e+10,1.27881e+08,1.76204e+08
367,2.03931e+08,3.30799e+10,1.27748e+08,1.77032e+08
368,2.02817e+08,3.29111e+10,1.28179e+08,1.7591e+08
369,2.02712e+08,3.31588e+10,1.28044e+08,1.75506e+08
370,2.027e+08,3.27431e+10,1.28182e+08,1.75676e+08
371,2.02807e+08,3.12795e+10,1.28218e+08,1.7567e+08
372,2.03366e+08,3.2927e+10,1.27876e+08,1.76348e+08
373,2.03083e+08,3.24874e+10,1.27541e+08,1.75994e+08
374,2.02994e+08,3.22676e+10,1.28481e+08,1.75937e+08
375,2.03552e+08,3.17116e+10,1.27924e+08,1.76599e+08
376,2.02585e+08,3.26424e+10,1.28071e+08,1.75932e+08
377,2.02575e+08,3.19885e+10,1.28034e+08,1.75866e+08
378,2.02566e+08,3.24138e+10,1.2793e+08,1.75754e+08
379,2.03776e+08,3.30115e+10,1.27874e+08,1.7649e+08
380,2.02797e+08,3.28551e+10,1.27767e+08,1.7585e+08
381,2.03426e+08,3.28181e+10,1.28399e+08,1.76393e+08
382,2.02763e+08,3.17429e+10,1.27725e+08,1.75995e+08
383,2.03037e+08,3.20583e+10,1.27842e+08,1.7571e+08
384,2.02842e+08,3.20994e+10,1.2799e+08,1.75738e+08
385,2.02838e+08,3.28637e+10,1.2832e+08,1.75883e+08
386,2.02574e+08,3.20724e+10,1.27966e+08,1.75772e+08
387,2.0239e+08,3.1541e+10,1.27764e+08,1.75569e+08
388,2.02907e+08,3.29465e+10,1.28255e+08,1.7567e+08
389,2.03113e+08,3.30356e+10,1.28109e+08,1.75904e+08
390,2.033e+08,3.25428e+10,1.2779e+08,1.76128e+08
391,2.03412e+08,3.23357e+10,1.27695e+08,1.76072e+08
392,2.02769e+08,3.04665e+10,1.27931e+08,1.75482e+08
393,2.03478e+08,3.32542e+10,1.2794e+08,1.76378e+08
394,2.03915e+08,3.21101e+10,1.27669e+08,1.77106e+08
395,2.03182e+08,3.29433e+10,1.27921e+08,1.76188e+08
396,2.03475e+08,3.22054e+10,1.2824e+08,1.76191e+08
397,2.03814e+08,3.288e+10,1.27781e+08,1.7637e+08
398,2.0303e+08,3.31788e+10,1.27747e+08,1.75943e+08
399,2.03893e+08,3.2091e+10,1.27567e+08,1.76681e+08
400,2.02496e+08,3.18851e+10,1.27752e+08,1.75664e+08
401,2.03173e+08,3.27947e+10,1.28194e+08,1.76001e+08
402,2.02657e+08,3.33544e+10,1.27655e+08,1.75346e+08
403,2.03242e+08,3.22531e+10,1.28036e+08,1.76036e+08
404,2.03318e+08,3.3229e+10,1.28111e+08,1.7653e+08
405,2.02929e+08,3.18943e+10,1.27653e+08,1.75946e+08
406,2.03058e+08,3.12721e+10,1.28101e+08,1.75764e+08
407,2.02756e+08,3.21969e+10,1.28154e+08,1.75555e+08
408,2.03161e+08,3.1302e+10,1.27591e+08,1.76133e+08
409,2.02706e+08,3.23845e+10,1.2762e+08,1.75979e+08
410,2.02348e+08,3.18422e+10,1.27932e+08,1.75303e+08
411,2.032e+08,3.13872e+10,1.28049e+08,1.76019e+08
412,2.03006e+08,3.27492e+10,1.27558e+08,1.76127e+08
413,2.03236e+08,3.21924e+10,1.2818e+08,1.75923e+08
414,2.02414e+08,3.17262e+10,1.27415e+08,1.75131e+08
415,2.02904e+08,3.23537e+10,1.28018e+08,1.75833e+08
416,2.03271e+08,3.32274e+10,1.27958e+08,1.76464e+08
417,2.0318e+08,3.22122e+10,1.27798e+08,1.76266e+08
418,2.02914e+08,3.19707e+10,1.27611e+08,1.76024e+08
419,2.03665e+08,3.25425e+10,1.27925e+08,1.76212e+08
420,2.02713e+08,3.21741e+10,1.2821e+08,1.75712e+08
421,2.02957e+08,3.20276e+10,1.28126e+08,1.76091e+08
422,2.02598e+08,3.22464e+10,1.28272e+08,1.75824e+08
423,2.03257e+08,3.34199e+10,1.27874e+08,1.76162e+08
424,2.03176e+08,3.11154e+10,1.2809e+08,1.75923e+08
425,2.03452e+08,3.28792e+10,1.28219e+08,1.76321e+08
426,2.02863e+08,3.27354e+10,1.28258e+08,1.75774e+08
427,2.0335e+08,3.22255e+10,1.27944e+08,1.76288e+08
428,2.03674e+08,3.0623e+10,1.27779e+08,1.76158e+08
429,2.02456e+08,3.10867e+10,1.28243e+08,1.75632e+08
430,2.02881e+08,3.1786e+10,1.2781e+08,1.76132e+08
431,2.03034e+08,3.21628e+10,1.27846e+08,1.7618e+08
432,2.02726e+08,3.19254e+10,1.27929e+08,1.75875e+08
433,2.02994e+08,3.33718e+10,1.27974e+08,1.75907e+08
434,2.03371e+08,3.13827e+10,1.27722e+08,1.76061e+08
435,2.02646e+08,3.20147e+10,1.28372e+08,1.75483e+08
436,2.03071e+08,3.28391e+10,1.27961e+08,1.7606e+08
437,2.0292e+08,3.10903e+10,1.27954e+08,1.75838e+08
438,2.02982e+08,3.22982e+10,1.28184e+08,1.7569e+08
439,2.03281e+08,3.1526e+10,1.28104e+08,1.76459e+08
440,2.02675e+08,3.27353e+10,1.28188e+08,1.75835e+08
441,2.02666e+08,3.27128e+10,1.27811e+08,1.75898e+08
442,2.03013e+08,3.23752e+10,1.28037e+08,1.75754e+08
443,2.03703e+08,3.24672e+10,1.27691e+08,1.76403e+08
444,2.03232e+08,3.27584e+10,1.28074e+08,1.76127e+08
445,2.0402e+08,3.26443e+10,1.27875e+08,1.76829e+08
446,2.02753e+08,3.22245e+10,1.2795e+08,1.75855e+08
447,2.03078e+08,3.27919e+10,1.27943e+08,1.75909e+08
448,2.0415e+08,3.32672e+10,1.27889e+08,1.7675e+08
449,2.02731e+08,3.23611e+10,1.28014e+08,1.75867e+08
450,2.03127e+08,3.19617e+10,1.2777e+08,1.75747e+08
451,2.02966e+08,3.24881e+10,1.28134e+08,1.75989e+08
452,2.03403e+08,3.25002e+10,1.28128e+08,1.76739e+08
453,2.02515e+08,3.28051e+10,1.28185e+08,1.75818e+08
454,2.02532e+08,3.07487e+10,1.28064e+08,1.75448e+08
455,2.03776e+08,3.27117e+10,1.27765e+08,1.76619e+08
456,2.0265e+08,3.12271e+10,1.27925e+08,1.75692e+08
457,2.03196e+08,3.1284e+10,1.27842e+08,1.76289e+08
458,2.02942e+08,3.21104e+10,1.28058e+08,1.75606e+08
459,2.02669e+08,3.16395e+10,1.27824e+08,1.75498e+08
460,2.03296e+08,3.28004e+10,1.28197e+08,1.75807e+08
461,2.02947e+08,3.22595e+10,1.28045e+08,1.75671e+08
462,2.03371e+08,3.15428e+10,1.27653e+08,1.76327e+08
463,2.03247e+08,3.21109e+10,1.27882e+08,1.76156e+08
464,2.02602e+08,3.28912e+10,1.28233e+08,1.75694e+08
465,2.02649e+08,3.26235e+10,1.27721e+08,1.75803e+08
466,2.02737e+08,3.09007e+10,1.27915e+08,1.75782e+08
467,2.02612e+08,3.22386e+10,1.27722e+08,1.75348e+08
468,2.03563e+08,3.1278e+10,1.27575e+08,1.76297e+08
469,2.02943e+08,3.28262e+10,1.27471e+08,1.75814e+08
470,2.02819e+08,3.19479e+10,1.28101e+08,1.75928e+08
471,2.03404e+08,3.24389e+10,1.27983e+08,1.7619e+08
472,2.02888e+08,3.35565e+10,1.27815e+08,1.75744e+08
473,2.02698e+08,3.30304e+10,1.28116e+08,1.75909e+08
474,2.0241e+08,3.23292e+10,1.27944e+08,1.75299e+08
475,2.03237e+08,3.22553e+10,1.2845e+08,1.75845e+08
476,2.02165e+08,3.19144e+10,1.27926e+08,1.75387e+08
477,2.02927e+08,3.16089e+10,1.27942e+08,1.75726e+08
478,2.02379e+08,3.10422e+10,1.27695e+08,1.75557e+08
479,2.02757e+08,3.19181e+10,1.27971e+08,1.75858e+08
480,2.02984e+08,3.25987e+10,1.28119e+08,1.76399e+08
481,2.03176e+08,3.29078e+10,1.28198e+08,1.75791e+08
482,2.03494e+08,3.28511e+10,1.27778e+08,1.76135e+08
483,2.02563e+08,3.22912e+10,1.27933e+08,1.75536e+08
484,2.03061e+08,3.04058e+10,1.2822e+08,1.75834e+08
485,2.03048e+08,3.37214e+10,1.27813e+08,1.76133e+08
486,2.03013e+08,3.24956e+10,1.28162e+08,1.76031e+08
487,2.03264e+08,3.23012e+10,1.28127e+08,1.76466e+08
488,2.03263e+08,3.18726e+10,1.27844e+08,1.76017e+08
489,2.03249e+08,3.19935e+10,1.27856e+08,1.76017e+08
490,2.01852e+08,3.16678e+10,1.28538e+08,1.75381e+08
491,2.03305e+08,3.29425e+10,1.27993e+08,1.76079e+08
492,2.03444e+08,3.25687e+10,1.28125e+08,1.7618e+08
493,2.0291e+08,3.23255e+10,1.2784e+08,1.75771e+08
494,2.02697e+08,3.23743e+10,1.281e+08,1.76177e+08
495,2.02489e+08,3.19076e+10,1.27659e+08,1.75851e+08
496,2.02431e+08,3.17666e+10,1.2783e+08,1.75425e+08
497,2.02907e+08,3.18893e+10,1.28048e+08,1.75721e+08
498,2.01939e+08,3.10373e+10,1.28062e+08,1.74922e+08
499,2.03484e+08,3.20822e+10,1.27838e+08,1.76712e+08
500,2.02471e+08,3.20404e+10,1.27698e+08,1.75671e+08
501,2.03068e+08,3.23211e+10,1.28092e+08,1.7584e+08
502,2.03111e+08,3.13599e+10,1.27802e+08,1.76067e+08
503,2.02893e+08,3.29429e+10,1.28611e+08,1.75838e+08
504,2.02987e+08,3.21613e+10,1.27741e+08,1.76179e+08
505,2.03524e+08,3.3067e+10,1.27904e+08,1.7592e+08
506,2.02218e+08,3.1909e+10,1.27848e+08,1.75418e+08
507,2.03386e+08,3.24584e+10,1.28065e+08,1.76102e+08
508,2.03918e+08,3.28404e+10,1.2783e+08,1.76609e+08
509,2.02631e+08,3.23942e+10,1.27992e+08,1.75724e+08
510,2.03182e+08,3.22686e+10,1.27834e+08,1.76172e+08
511,2.02868e+08,3.20682e+10,1.27914e+08,1.75494e+08
512,2.02499e+08,3.32075e+10,1.28003e+08,1.75823e+08
513,2.02619e+08,3.28221e+10,1.27593e+08,1.75569e+08
514,2.03086e+08,3.1761e+10,1.28256e+08,1.75824e+08
515,2.02517e+08,3.35848e+10,1.27948e+08,1.75631e+08
516,2.03115e+08,3.19382e+10,1.28028e+08,1.76104e+08
517,2.0382e+08,3.2451e+10,1.28053e+08,1.76702e+08
518,2.02974e+08,3.18588e+10,1.27548e+08,1.75847e+08
519,2.02772e+08,3.1479e+10,1.2818e+08,1.75762e+08
520,2.03273e+08,3.187e+10,1.27548e+08,1.76273e+08
521,2.02892e+08,3.29585e+10,1.2766e+08,1.75593e+08
522,2.02122e+08,3.21478e+10,1.28172e+08,1.75199e+08
523,2.02866e+08,3.26642e+10,1.27665e+08,1.75994e+08
524,2.02396e+08,3.17341e+10,1.27837e+08,1.75775e+08
525,2.04138e+08,3.33013e+10,1.27883e+08,1.76805e+08
526,2.02765e+08,3.17265e+10,1.2796e+08,1.75798e+08
527,2.03173e+08,3.21748e+10,1.28223e+08,1.76141e+08
528,2.02267e+08,3.2572e+10,1.27856e+08,1.7532e+08
529,2.03206e+08,3.23457e+10,1.28138e+08,1.76348e+08
530,2.02774e+08,3.2778e+10,1.28103e+08,1.75603e+08
531,2.02956e+08,3.18514e+10,1.28009e+08,1.76016e+08
532,2.02741e+08,3.16805e+10,1.28035e+08,1.75934e+08
533,2.02919e+08,3.10509e+10,1.27964e+08,1.75925e+08
534,2.03722e+08,3.23842e+10,1.27786e+08,1.76807e+08
535,2.02676e+08,3.23691e+10,1.28075e+08,1.7568e+08
536,2.02835e+08,3.2708e+10,1.28109e+08,1.75962e+08
537,2.03221e+08,3.24314e+10,1.28295e+08,1.76474e+08
538,2.03435e+08,3.20695e+10,1.27822e+08,1.76397e+08
539,2.02673e+08,3.2414e+10,1.28215e+08,1.75718e+08
540,2.02496e+08,3.16944e+10,1.27665e+08,1.7532e+08
541,2.03125e+08,3.16558e+10,1.27937e+08,1.76237e+08
542,2.03089e+08,3.2372e+10,1.28148e+08,1.75767e+08
543,2.03033e+08,3.23049e+10,1.28131e+08,1.75817e+08
544,2.03418e+08,3.33619e+10,1.28063e+08,1.76642e+08
545,2.02894e+08,3.27941e+10,1.28159e+08,1.75971e+08
546,2.02734e+08,3.27917e+10,1.2797e+08,1.76083e+08
547,2.03397e+08,3.18338e+10,1.27994e+08,1.7626e+08
548,2.02161e+08,3.2265e+10,1.28303e+08,1.75413e+08
549,2.03039e+08,3.1497e+10,1.27881e+08,1.75648e+08
550,2.03367e+08,3.23295e+10,1.28004e+08,1.76033e+08
551,2.03229e+08,3.26603e+10,1.27691e+08,1.76135e+08
552,2.03268e+08,3.19659e+10,1.27471e+08,1.76408e+08
553,2.03068e+08,3.15546e+10,1.2806e+08,1.75992e+08
554,2.02345e+08,3.13775e+10,1.27758e+08,1.75513e+08
555,2.02346e+08,3.27941e+10,1.2757e+08,1.75211e+08
556,2.02489e+08,3.21419e+10,1.28096e+08,1.75568e+08
557,2.02987e+08,3.2527e+10,1.27986e+08,1.75675e+08
558,2.03333e+08,3.23226e+10,1.28334e+08,1.76452e+08
559,2.03059e+08,3.22641e+10,1.2818e+08,1.76265e+08
560,2.02674e+08,3.292e+10,1.28112e+08,1.75678e+08
561,2.03179e+08,3.33426e+10,1.28009e+08,1.76107e+08
562,2.02229e+08,3.25709e+10,1.28004e+08,1.75101e+08
563,2.03211e+08,3.32587e+10,1.27929e+08,1.76258e+08
564,2.03289e+08,3.1968e+10,1.27399e+08,1.76439e+08
565,2.03433e+08,3.24457e+10,1.27899e+08,1.76744e+08
566,2.02878e+08,3.19605e+10,1.28248e+08,1.75732e+08
567,2.02756e+08,3.15431e+10,1.28052e+08,1.75726e+08
568,2.02909e+08,3.15371e+10,1.27977e+08,1.75648e+08
569,2.02584e+08,3.09277e+10,1.27921e+08,1.75504e+08
570,2.02997e+08,3.30162e+10,1.27787e+08,1.75917e+08
571,2.03546e+08,3.2371e+10,1.28081e+08,1.76514e+08
572,2.03261e+08,3.20327e+10,1.28205e+08,1.7602e+08
573,2.02649e+08,3.28657e+10,1.27871e+08,1.7536e+08
574,2.03259e+08,3.20101e+10,1.2804e+08,1.7616e+08
575,2.0238e+08,3.17473e+10,1.28328e+08,1.75392e+08
576,2.0287e+08,3.21497e+10,1.27672e+08,1.76142e+08
577,2.02971e+08,3.28389e+10,1.27812e+08,1.75436e+08
578,2.01837e+08,3.28042e+10,1.27965e+08,1.7517e+08
579,2.03097e+08,3.21359e+10,1.27923e+08,1.76186e+08
580,2.03138e+08,3.10383e+10,1.28109e+08,1.76072e+08
581,2.01947e+08,3.26939e+10,1.27745e+08,1.75128e+08
582,2.0291e+08,3.26973e+10,1.28136e+08,1.76022e+08
583,2.02778e+08,3.31835e+10,1.27759e+08,1.75746e+08
584,2.02548e+08,3.27466e+10,1.28323e+08,1.75129e+08
585,2.02948e+08,3.17917e+10,1.27901e+08,1.76049e+08
586,2.02327e+08,3.13676e+10,1.27602e+08,1.75876e+08
587,2.02541e+08,3.1692e+10,1.28141e+08,1.75312e+08
588,2.03388e+08,3.25847e+10,1.28072e+08,1.76031e+08
589,2.0356e+08,3.1925e+10,1.27346e+08,1.76478e+08
590,2.03169e+08,3.17341e+10,1.27948e+08,1.76165e+08
591,2.03249e+08,3.23235e+10,1.27775e+08,1.76157e+08
592,2.03238e+08,3.26919e+10,1.27954e+08,1.76367e+08
593,2.0301e+08,3.33069e+10,1.28026e+08,1.76369e+08
594,2.02307e+08,3.20176e+10,1.27591e+08,1.75396e+08
595,2.02613e+08,3.28487e+10,1.27927e+08,1.75405e+08
596,2.02495e+08,3.23606e+10,1.27711e+08,1.75468e+08
597,2.03193e+08,3.16243e+10,1.27578e+08,1.76469e+08
598,2.03015e+08,3.21848e+10,1.28e+08,1.75856e+08
599,2.03407e+08,3.2946e+10,1.27774e+08,1.76289e+08
600,2.02802e+08,3.21181e+10,1.28047e+08,1.75973e+08
601,2.02096e+08,3.22831e+10,1.27357e+08,1.75045e+08
602,2.02506e+08,3.14372e+10,1.28249e+08,1.75604e+08
603,2.02814e+08,3.21195e+10,1.27733e+08,1.7577e+08
604,2.03567e+08,3.24704e+10,1.27929e+08,1.76394e+08
605,2.02944e+08,3.22375e+10,1.28008e+08,1.75966e+08
606,2.03363e+08,3.20193e+10,1.27853e+08,1.76275e+08
607,2.02957e+08,3.30092e+10,1.27975e+08,1.75762e+08
608,2.02924e+08,3.23416e+10,1.27778e+08,1.75851e+08
609,2.03166e+08,3.21703e+10,1.27917e+08,1.76046e+08
610,2.02611e+08,3.23346e+10,1.27962e+08,1.75386e+08
611,2.02531e+08,3.26589e+10,1.27504e+08,1.75554e+08
612,2.03388e+08,3.19902e+10,1.27815e+08,1.75949e+08
613,2.03711e+08,3.21974e+10,1.28059e+08,1.76705e+08
614,2.03298e+08,3.26725e+10,1.27606e+08,1.76326e+08
615,2.02675e+08,3.29766e+10,1.27947e+08,1.7567e+08
616,2.02604e+08,3.23049e+10,1.28103e+08,1.75714e+08
617,2.02907e+08,3.20005e+10,1.2803e+08,1.75612e+08
618,2.03328e+08,3.3324e+10,1.27904e+08,1.76136e+08
619,2.03382e+08,3.20841e+10,1.28206e+08,1.75862e+08
620,2.03746e+08,3.26521e+10,1.27886e+08,1.76701e+08
621,2.03607e+08,3.26152e+10,1.27813e+08,1.76538e+08
622,2.03567e+08,3.4062e+10,1.27702e+08,1.76372e+08
623,2.0253e+08,3.21907e+10,1.27567e+08,1.75384e+08
624,2.03343e+08,3.21913e+10,1.27624e+08,1.76451e+08
625,2.02956e+08,3.34906e+10,1.28066e+08,1.76082e+08
626,2.02466e+08,3.23952e+10,1.27788e+08,1.75214e+08
627,2.03453e+08,3.20286e+10,1.27978e+08,1.76402e+08
628,2.03309e+08,3.23901e+10,1.28047e+08,1.76276e+08
629,2.03536e+08,3.31323e+10,1.27943e+08,1.76431e+08
630,2.02604e+08,3.20303e+10,1.27969e+08,1.7586e+08
631,2.02842e+08,3.20738e+10,1.27949e+08,1.7602e+08
632,2.03151e+08,3.24393e+10,1.27874e+08,1.76005e+08
633,2.02795e+08,3.30346e+10,1.2793e+08,1.75771e+08
634,2.02196e+08,3.28547e+10,1.27944e+08,1.75405e+08
635,2.02773e+08,3.16268e+10,1.28141e+08,1.75831e+08
636,2.02448e+08,3.25375e+10,1.27729e+08,1.75832e+08
637,2.02896e+08,3.10907e+10,1.27496e+08,1.75884e+08
638,2.03473e+08,3.21281e+10,1.28125e+08,1.76032e+08
639,2.03693e+08,3.19717e+10,1.27997e+08,1.76521e+08
640,2.0325e+08,3.1718e+10,1.28581e+08,1.75879e+08
641,2.03227e+08,3.29787e+10,1.28295e+08,1.76243e+08
642,2.02676e+08,3.14628e+10,1.27695e+08,1.75698e+08
643,2.027e+08,3.2534e+10,1.28259e+08,1.75824e+08
644,2.02603e+08,3.2587e+10,1.28002e+08,1.75753e+08
645,2.03182e+08,3.28768e+10,1.28149e+08,1.76365e+08
646,2.03035e+08,3.20234e+10,1.27733e+08,1.76081e+08
647,2.03617e+08,3.17329e+10,1.27858e+08,1.75934e+08
648,2.03175e+08,3.18101e+10,1.27833e+08,1.7593e+08
649,2.02934e+08,3.20283e+10,1.27996e+08,1.76299e+08
650,2.02734e+08,3.24564e+10,1.2777e+08,1.75905e+08
651,2.03124e+08,3.12605e+10,1.27874e+08,1.75991e+08
652,2.03728e+08,3.25848e+10,1.27793e+08,1.76792e+08
653,2.03102e+08,3.28327e+10,1.27525e+08,1.75989e+08
654,2.02968e+08,3.18403e+10,1.28013e+08,1.75944e+08
655,2.03135e+08,3.24951e+10,1.28071e+08,1.75841e+08
656,2.03137e+08,3.23516e+10,1.28296e+08,1.76255e+08
657,2.02993e+08,3.21456e+10,1.27638e+08,1.7596e+08
658,2.02231e+08,3.17175e+10,1.27987e+08,1.75138e+08
659,2.02662e+08,3.2881e+10,1.27643e+08,1.75613e+08
660,2.02821e+08,3.28532e+10,1.27994e+08,1.75947e+08
661,2.03347e+08,3.21646e+10,1.27499e+08,1.76262e+08
662,2.0333e+08,3.23088e+10,1.27752e+08,1.76062e+08
663,2.03251e+08,3.17067e+10,1.28073e+08,1.76065e+08
664,2.03066e+08,3.29672e+10,1.27802e+08,1.75877e+08
665,2.02961e+08,3.2154e+10,1.27617e+08,1.76166e+08
666,2.02731e+08,3.17027e+10,1.28088e+08,1.7601e+08
667,2.02678e+08,3.2104e+10,1.27944e+08,1.7604e+08
668,2.03052e+08,3.21991e+10,1.28065e+08,1.76241e+08
669,2.02728e+08,3.17138e+10,1.28267e+08,1.75711e+08
670,2.03617e+08,3.22048e+10,1.2788e+08,1.76721e+08
671,2.02734e+08,3.19148e+10,1.28206e+08,1.75798e+08
672,2.03209e+08,3.23123e+10,1.28051e+08,1.76232e+08
673,2.02656e+08,3.17525e+10,1.28165e+08,1.75901e+08
674,2.02868e+08,3.20669e+10,1.27952e+08,1.758e+08
675,2.02848e+08,3.1799e+10,1.27883e+08,1.75854e+08
676,2.03117e+08,3.32875e+10,1.28072e+08,1.76043e+08
677,2.03386e+08,3.2414e+10,1.27761e+08,1.76382e+08
678,2.02858e+08,3.09328e+10,1.2808e+08,1.75643e+08
679,2.02635e+08,3.26889e+10,1.28045e+08,1.75647e+08
680,2.03295e+08,3.29744e+10,1.27835e+08,1.76048e+08
681,2.02399e+08,3.12871e+10,1.28229e+08,1.75479e+08
682,2.02896e+08,3.19685e+10,1.27897e+08,1.76113e+08
683,2.02901e+08,3.19464e+10,1.2799e+08,1.75843e+08
684,2.03511e+08,3.24667e+10,1.27814e+08,1.76378e+08
685,2.02932e+08,3.20891e+10,1.27984e+08,1.75762e+08
686,2.02388e+08,3.24216e+10,1.28182e+08,1.75269e+08
687,2.02891e+08,3.16403e+10,1.28277e+08,1.75973e+08
688,2.03037e+08,3.30659e+10,1.28511e+08,1.75858e+08
689,2.02186e+08,3.2929e+10,1.27756e+08,1.75469e+08
690,2.02765e+08,3.20103e+10,1.28324e+08,1.75753e+08
691,2.03857e+08,3.27129e+10,1.27871e+08,1.76803e+08
692,2.02896e+08,3.17833e+10,1.28131e+08,1.76057e+08
693,2.02852e+08,3.23502e+10,1.28292e+08,1.75986e+08
694,2.03357e+08,3.21133e+10,1.28246e+08,1.76013e+08
695,2.03024e+08,3.24229e+10,1.28174e+08,1.76238e+08
696,2.0285e+08,3.23661e+10,1.28181e+08,1.75643e+08
697,2.02756e+08,3.32386e+10,1.27892e+08,1.75562e+08
698,2.02864e+08,3.15335e+10,1.28289e+08,1.75547e+08
699,2.03162e+08,3.26072e+10,1.27862e+08,1.76224e+08
700,2.03166e+08,3.25408e+10,1.27853e+08,1.76124e+08
701,2.03097e+08,3.327e+10,1.28391e+08,1.76079e+08
702,2.03372e+08,3.16761e+10,1.28014e+08,1.76517e+08
703,2.03524e+08,3.27041e+10,1.2778e+08,1.7649e+08
704,2.03001e+08,3.20439e+10,1.27873e+08,1.7595e+08
705,2.03078e+08,3.21901e+10,1.27414e+08,1.75983e+08
706,2.0331e+08,3.25697e+10,1.27796e+08,1.75985e+08
707,2.02839e+08,3.18704e+10,1.27925e+08,1.75764e+08
708,2.02807e+08,3.21253e+10,1.27639e+08,1.75701e+08
709,2.02901e+08,3.16414e+10,1.27966e+08,1.76053e+08
710,2.02512e+08,3.16625e+10,1.27781e+08,1.7542e+08
711,2.02864e+08,3.14404e+10,1.27675e+08,1.75753e+08
712,2.0277e+08,3.2455e+10,1.27824e+08,1.76135e+08
713,2.0338e+08,3.32372e+10,1.27975e+08,1.76313e+08
714,2.03019e+08,3.30251e+10,1.28027e+08,1.76478e+08
715,2.02452e+08,3.17862e+10,1.27615e+08,1.75686e+08
716,2.0296e+08,3.23251e+10,1.27952e+08,1.75841e+08
717,2.03383e+08,3.22248e+10,1.27739e+08,1.76139e+08
718,2.03287e+08,3.30244e+10,1.2785e+08,1.76148e+08
719,2.03178e+08,3.28554e+10,1.27747e+08,1.76059e+08
720,2.02862e+08,3.30092e+10,1.28267e+08,1.7581e+08
721,2.03137e+08,3.29146e+10,1.27775e+08,1.76493e+08
722,2.03338e+08,3.33874e+10,1.27928e+08,1.76239e+08
723,2.02424e+08,3.19839e+10,1.28215e+08,1.75266e+08
724,2.03515e+08,3.26118e+10,1.27958e+08,1.76209e+08
725,2.02601e+08,3.24665e+10,1.28264e+08,1.75773e+08
726,2.03137e+08,3.23456e+10,1.27827e+08,1.76216e+08
727,2.02563e+08,3.22888e+10,1.27861e+08,1.75884e+08
728,2.02734e+08,3.17333e+10,1.27902e+08,1.75436e+08
729,2.02452e+08,3.17445e+10,1.27743e+08,1.75721e+08
730,2.02982e+08,3.12803e+10,1.28139e+08,1.7595e+08
731,2.03616e+08,3.2264e+10,1.28023e+08,1.76514e+08
732,2.03038e+08,3.15432e+10,1.28249e+08,1.75893e+08
733,2.02865e+08,3.22216e+10,1.28216e+08,1.75847e+08
734,2.02786e+08,3.24369e+10,1.27916e+08,1.75732e+08
735,2.02972e+08,3.15796e+10,1.28042e+08,1.75984e+08
736,2.03299e+08,3.21599e+10,1.28205e+08,1.7611e+08
737,2.02589e+08,3.19517e+10,1.27652e+08,1.75755e+08
738,2.03457e+08,3.22344e+10,1.281e+08,1.76246e+08
739,2.03084e+08,3.39511e+10,1.27802e+08,1.75974e+08
740,2.03077e+08,3.15096e+10,1.28197e+08,1.75827e+08
741,2.03281e+08,3.14135e+10,1.27846e+08,1.76223e+08
742,2.026e+08,3.25165e+10,1.27768e+08,1.75623e+08
743,2.03991e+08,3.28323e+10,1.27696e+08,1.76725e+08
744,2.03284e+08,3.22831e+10,1.27521e+08,1.76303e+08
745,2.02771e+08,3.28688e+10,1.27832e+08,1.75549e+08
746,2.03038e+08,3.18864e+10,1.27947e+08,1.7583e+08
747,2.03045e+08,3.27395e+10,1.28009e+08,1.76369e+08
748,2.03704e+08,3.34229e+10,1.27902e+08,1.76539e+08
749,2.03116e+08,3.24461e+10,1.27516e+08,1.76047e+08
750,2.03958e+08,3.19314e+10,1.27716e+08,1.77335e+08
751,2.02834e+08,3.18787e+10,1.28225e+08,1.75713e+08
752,2.03036e+08,3.26579e+10,1.27701e+08,1.76199e+08
753,2.03168e+08,3.27507e+10,1.28407e+08,1.76275e+08
754,2.03077e+08,3.21527e+10,1.28028e+08,1.76115e+08
755,2.0337e+08,3.21871e+10,1.27838e+08,1.76181e+08
756,2.02963e+08,3.24088e+10,1.28192e+08,1.75656e+08
757,2.03835e+08,3.23024e+10,1.27131e+08,1.76735e+08
758,2.02659e+08,3.31744e+10,1.28216e+08,1.75692e+08
759,2.03306e+08,3.20026e+10,1.28197e+08,1.7628e+08
760,2.03202e+08,3.25062e+10,1.28079e+08,1.75896e+08
761,2.02868e+08,3.25473e+10,1.27837e+08,1.75819e+08
762,2.03515e+08,3.11814e+10,1.27727e+08,1.76539e+08
763,2.03284e+08,3.24802e+10,1.27851e+08,1.76398e+08
764,2.03075e+08,3.31653e+10,1.28154e+08,1.76164e+08
765,2.02896e+08,3.28079e+10,1.28187e+08,1.75984e+08
766,2.02601e+08,3.21575e+10,1.28079e+08,1.75354e+08
767,2.03777e+08,3.23702e+10,1.27864e+08,1.76802e+08
768,2.02449e+08,3.20964e+10,1.27952e+08,1.75511e+08
769,2.02725e+08,3.11658e+10,1.27848e+08,1.75642e+08
770,2.03135e+08,3.19924e+10,1.27847e+08,1.7608e+08
771,2.03445e+08,3.32269e+10,1.27863e+08,1.76002e+08
772,2.0339e+08,3.26978e+10,1.28472e+08,1.76394e+08
773,2.02749e+08,3.23213e+10,1.28265e+08,1.75801e+08
774,2.04093e+08,3.24971e+10,1.27811e+08,1.76891e+08
775,2.03352e+08,3.23167e+10,1.27965e+08,1.76439e+08
776,2.0247e+08,3.06877e+10,1.27965e+08,1.75843e+08
777,2.02857e+08,3.25607e+10,1.27986e+08,1.75841e+08
778,2.02148e+08,3.23602e+10,1.27866e+08,1.754e+08
779,2.03582e+08,3.17618e+10,1.27827e+08,1.76592e+08
780,2.02939e+08,3.20109e+10,1.27804e+08,1.75951e+08
781,2.0309e+08,3.32763e+10,1.27945e+08,1.76161e+08
782,2.01886e+08,3.25442e+10,1.28001e+08,1.75172e+08
783,2.03189e+08,3.18656e+10,1.27881e+08,1.76471e+08
784,2.028e+08,3.15815e+10,1.28251e+08,1.75959e+08
785,2.03297e+08,3.24956e+10,1.27636e+08,1.76396e+08
786,2.03235e+08,3.2986e+10,1.28007e+08,1.76142e+08
787,2.02413e+08,3.22506e+10,1.27839e+08,1.75731e+08
788,2.02891e+08,3.2006e+10,1.28221e+08,1.76147e+08
789,2.02891e+08,3.22547e+10,1.27977e+08,1.75953e+08
790,2.02947e+08,3.16326e+10,1.2788e+08,1.76021e+08
791,2.02542e+08,3.18606e+10,1.27912e+08,1.75544e+08
792,2.03157e+08,3.22517e+10,1.27836e+08,1.76276e+08
793,2.02535e+08,3.25897e+10,1.28048e+08,1.75558e+08
794,2.02761e+08,3.2426e+10,1.27911e+08,1.75696e+08
795,2.02995e+08,3.1773e+10,1.28222e+08,1.76203e+08
796,2.03262e+08,3.16347e+10,1.27917e+08,1.76201e+08
797,2.03579e+08,3.21228e+10,1.28093e+08,1.76455e+08
798,2.02687e+08,3.36639e+10,1.27816e+08,1.75798e+08
799,2.03375e+08,3.18043e+10,1.28103e+08,1.76459e+08
800,2.03334e+08,3.19766e+10,1.27811e+08,1.75881e+08
801,2.03297e+08,3.31595e+10,1.27597e+08,1.76218e+08
802,2.0229e+08,3.16646e+10,1.27977e+08,1.75633e+08
803,2.03404e+08,3.22515e+10,1.27699e+08,1.76411e+08
804,2.02746e+08,3.18379e+10,1.28182e+08,1.75721e+08
805,2.03448e+08,3.15175e+10,1.27668e+08,1.76141e+08
806,2.03103e+08,3.29771e+10,1.27777e+08,1.76153e+08
807,2.02409e+08,3.19196e+10,1.27792e+08,1.75444e+08
808,2.03278e+08,3.22393e+10,1.27905e+08,1.75891e+08
809,2.03046e+08,3.20287e+10,1.27455e+08,1.75994e+08
810,2.03199e+08,3.19905e+10,1.27823e+08,1.76183e+08
811,2.02674e+08,3.2016e+10,1.27998e+08,1.75416e+08
812,2.033e+08,3.31143e+10,1.28026e+08,1.76106e+08
813,2.02509e+08,3.37324e+10,1.27794e+08,1.75234e+08
814,2.02968e+08,3.22072e+10,1.2807e+08,1.76077e+08
815,2.03722e+08,3.19277e+10,1.28098e+08,1.76379e+08
816,2.03523e+08,3.18613e+10,1.27643e+08,1.76206e+08
817,2.03326e+08,3.27717e+10,1.27551e+08,1.76424e+08
818,2.03232e+08,3.25866e+10,1.27764e+08,1.76333e+08
819,2.03211e+08,3.26094e+10,1.27599e+08,1.76381e+08
820,2.03371e+08,3.13765e+10,1.27894e+08,1.76089e+08
821,2.03091e+08,3.23427e+10,1.27789e+08,1.75843e+08
822,2.02999e+08,3.16184e+10,1.28153e+08,1.75974e+08
823,2.03038e+08,3.24983e+10,1.27933e+08,1.76161e+08
824,2.03405e+08,3.23746e+10,1.27817e+08,1.76148e+08
825,2.02821e+08,3.12793e+10,1.27649e+08,1.7607e+08
826,2.03052e+08,3.26514e+10,1.28179e+08,1.76165e+08
827,2.03234e+08,3.31377e+10,1.27833e+08,1.76144e+08
828,2.03228e+08,3.24067e+10,1.2835e+08,1.76173e+08
829,2.03396e+08,3.31566e+10,1.27918e+08,1.76121e+08
830,2.03088e+08,3.20727e+10,1.28278e+08,1.75636e+08
831,2.03389e+08,3.33374e+10,1.27931e+08,1.76205e+08
832,2.03003e+08,3.22482e+10,1.27897e+08,1.76239e+08
833,2.02357e+08,3.26181e+10,1.28182e+08,1.75567e+08
834,2.03398e+08,3.25498e+10,1.28251e+08,1.76763e+08
835,2.02395e+08,3.21738e+10,1.2804e+08,1.75357e+08
836,2.03239e+08,3.26253e+10,1.27834e+08,1.76e+08
837,2.02701e+08,3.28676e+10,1.28113e+08,1.75865e+08
838,2.03071e+08,3.20562e+10,1.2815e+08,1.76042e+08
839,2.02731e+08,3.23064e+10,1.28089e+08,1.75777e+08
840,2.02917e+08,3.22336e+10,1.2782e+08,1.75886e+08
841,2.02823e+08,3.16285e+10,1.28424e+08,1.75681e+08
842,2.03365e+08,3.2442e+10,1.28227e+08,1.76357e+08
843,2.0309e+08,3.13631e+10,1.27824e+08,1.76469e+08
844,2.02965e+08,3.20131e+10,1.27521e+08,1.75822e+08
845,2.03834e+08,3.227e+10,1.27801e+08,1.76598e+08
846,2.03779e+08,3.33855e+10,1.27948e+08,1.76455e+08
847,2.02576e+08,3.18727e+10,1.2763e+08,1.75447e+08
848,2.03435e+08,3.37771e+10,1.27861e+08,1.76323e+08
849,2.02768e+08,3.27915e+10,1.2825e+08,1.75894e+08
850,2.03007e+08,3.28937e+10,1.27993e+08,1.75647e+08
851,2.02776e+08,3.16575e+10,1.28071e+08,1.75759e+08
852,2.03509e+08,3.24125e+10,1.28384e+08,1.76352e+08
853,2.03269e+08,3.23834e+10,1.27928e+08,1.76467e+08
854,2.01966e+08,3.0543e+10,1.2813e+08,1.7483e+08
855,2.02865e+08,3.19837e+10,1.27541e+08,1.76023e+08
856,2.03039e+08,3.24397e+10,1.27744e+08,1.76162e+08
857,2.034e+08,3.23329e+10,1.28117e+08,1.76116e+08
858,2.02466e+08,3.30797e+10,1.27957e+08,1.75377e+08
859,2.03435e+08,3.34056e+10,1.28005e+08,1.76681e+08
860,2.03081e+08,3.18418e+10,1.27869e+08,1.75938e+08
861,2.03131e+08,3.21617e+10,1.28083e+08,1.76336e+08
862,2.03133e+08,3.22655e+10,1.27807e+08,1.75951e+08
863,2.03266e+08,3.24512e+10,1.28113e+08,1.76374e+08
864,2.02956e+08,3.18314e+10,1.28086e+08,1.76038e+08
865,2.03201e+08,3.22511e+10,1.28055e+08,1.76246e+08
866,2.02532e+08,3.29377e+10,1.2758e+08,1.75525e+08
867,2.02722e+08,3.27988e+10,1.27875e+08,1.75715e+08
868,2.03361e+08,3.19679e+10,1.28144e+08,1.76026e+08
869,2.02625e+08,3.24266e+10,1.2778e+08,1.75852e+08
870,2.03581e+08,3.27765e+10,1.28204e+08,1.76414e+08
871,2.03044e+08,3.19935e+10,1.28418e+08,1.75999e+08
872,2.0358e+08,3.31248e+10,1.28175e+08,1.76498e+08
873,2.04014e+08,3.27773e+10,1.2763e+08,1.76961e+08
874,2.03112e+08,3.28901e+10,1.28169e+08,1.75995e+08
875,2.03209e+08,3.2442e+10,1.27701e+08,1.75774e+08
876,2.02864e+08,3.22454e+10,1.2786e+08,1.75611e+08
877,2.03459e+08,3.22818e+10,1.28546e+08,1.75939e+08
878,2.03719e+08,3.25554e+10,1.27816e+08,1.7623e+08
879,2.02723e+08,3.26023e+10,1.28305e+08,1.7561e+08
880,2.02469e+08,3.34154e+10,1.27772e+08,1.75652e+08
881,2.03129e+08,3.14638e+10,1.27918e+08,1.76215e+08
882,2.03023e+08,3.16635e+10,1.27656e+08,1.75984e+08
883,2.03124e+08,3.20753e+10,1.27695e+08,1.75646e+08
884,2.03539e+08,3.14644e+10,1.28051e+08,1.76418e+08
885,2.02968e+08,3.2347e+10,1.28121e+08,1.76007e+08
886,2.02762e+08,3.20267e+10,1.27803e+08,1.75747e+08
887,2.03282e+08,3.21945e+10,1.28127e+08,1.76329e+08
888,2.0346e+08,3.35226e+10,1.28201e+08,1.7648e+08
889,2.02961e+08,3.27531e+10,1.27984e+08,1.76157e+08
890,2.02687e+08,3.23045e+10,1.28026e+08,1.75778e+08
891,2.03174e+08,3.19023e+10,1.28331e+08,1.76367e+08
892,2.03076e+08,3.31211e+10,1.27916e+08,1.76371e+08
893,2.02988e+08,3.18944e+10,1.28305e+08,1.75916e+08
894,2.0287e+08,3.31545e+10,1.28221e+08,1.75593e+08
895,2.03678e+08,3.3526e+10,1.28209e+08,1.76458e+08
896,2.03262e+08,3.27049e+10,1.27909e+08,1.76344e+08
897,2.03024e+08,3.21505e+10,1.2775e+08,1.76031e+08
898,2.02897e+08,3.16492e+10,1.28348e+08,1.75844e+08
899,2.02751e+08,3.20939e+10,1.27994e+08,1.75548e+08
900,2.02786e+08,3.18633e+10,1.27705e+08,1.75791e+08
901,2.02789e+08,3.28917e+10,1.2766e+08,1.75979e+08
902,2.02187e+08,3.2325e+10,1.27722e+08,1.75696e+08
903,2.03441e+08,3.33697e+10,1.27948e+08,1.76393e+08
904,2.02932e+08,3.2291e+10,1.27662e+08,1.7572e+08
905,2.03421e+08,3.17422e+10,1.28278e+08,1.76528e+08
906,2.02548e+08,3.21931e+10,1.27933e+08,1.75583e+08
907,2.02959e+08,3.24757e+10,1.28196e+08,1.75845e+08
908,2.03039e+08,3.2263e+10,1.27903e+08,1.75826e+08
909,2.02755e+08,3.27564e+10,1.28034e+08,1.75679e+08
910,2.02557e+08,3.22398e+10,1.27853e+08,1.75502e+08
911,2.02446e+08,3.25224e+10,1.28046e+08,1.75134e+08
912,2.0305e+08,3.26387e+10,1.27806e+08,1.75695e+08
913,2.02814e+08,3.26627e+10,1.28111e+08,1.75989e+08
914,2.03589e+08,3.3113e+10,1.28225e+08,1.76162e+08
915,2.02693e+08,3.16163e+10,1.2791e+08,1.75485e+08
916,2.03407e+08,3.2237e+10,1.2824e+08,1.76273e+08
917,2.02792e+08,3.20525e+10,1.28008e+08,1.75794e+08
918,2.03305e+08,3.14882e+10,1.28029e+08,1.76191e+08
919,2.0261e+08,3.18032e+10,1.2786e+08,1.75536e+08
920,2.02802e+08,3.31323e+10,1.28482e+08,1.75969e+08
921,2.03168e+08,3.13531e+10,1.27804e+08,1.76108e+08
922,2.03247e+08,3.25843e+10,1.28021e+08,1.76167e+08
923,2.03264e+08,3.33669e+10,1.28063e+08,1.76161e+08
924,2.03402e+08,3.17044e+10,1.27613e+08,1.76186e+08
925,2.02828e+08,3.35051e+10,1.27998e+08,1.75793e+08
926,2.02799e+08,3.21213e+10,1.27955e+08,1.75875e+08
927,2.02758e+08,3.07708e+10,1.27846e+08,1.7556e+08
928,2.03304e+08,3.35396e+10,1.27661e+08,1.75985e+08
929,2.02409e+08,3.24498e+10,1.27584e+08,1.75274e+08
930,2.03133e+08,3.27846e+10,1.28362e+08,1.76024e+08
931,2.02322e+08,3.09032e+10,1.28275e+08,1.75668e+08
932,2.02529e+08,3.34912e+10,1.27763e+08,1.75397e+08
933,2.02502e+08,3.26961e+10,1.27903e+08,1.75597e+08
934,2.03183e+08,3.19325e+10,1.2822e+08,1.76125e+08
935,2.02784e+08,3.30038e+10,1.28197e+08,1.75834e+08
936,2.03147e+08,3.11687e+10,1.27876e+08,1.75952e+08
937,2.02793e+08,3.17684e+10,1.28227e+08,1.76004e+08
938,2.0294e+08,3.21117e+10,1.28053e+08,1.75735e+08
939,2.02051e+08,3.06426e+10,1.27869e+08,1.7507e+08
940,2.03517e+08,3.20483e+10,1.28265e+08,1.76551e+08
941,2.03026e+08,3.17138e+10,1.27804e+08,1.75913e+08
942,2.02381e+08,3.32226e+10,1.27419e+08,1.75385e+08
943,2.03158e+08,3.24617e+10,1.27991e+08,1.75903e+08
944,2.03187e+08,3.2582e+10,1.27901e+08,1.7611e+08
945,2.02713e+08,3.23595e+10,1.27898e+08,1.7555e+08
946,2.03342e+08,3.26066e+10,1.28318e+08,1.7623e+08
947,2.03625e+08,3.14645e+10,1.28113e+08,1.76281e+08
948,2.03609e+08,3.28224e+10,1.28043e+08,1.76374e+08
949,2.02703e+08,3.26035e+10,1.28413e+08,1.754e+08
950,2.03093e+08,3.24626e+10,1.27523e+08,1.75875e+08
951,2.02491e+08,3.2051e+10,1.2797e+08,1.75518e+08
952,2.02709e+08,3.17571e+10,1.27818e+08,1.75537e+08
953,2.03499e+08,3.26205e+10,1.27901e+08,1.76315e+08
954,2.03674e+08,3.26372e+10,1.27801e+08,1.76434e+08
955,2.02538e+08,3.27794e+10,1.27527e+08,1.7581e+08
956,2.03285e+08,3.07359e+10,1.27635e+08,1.7607e+08
957,2.03659e+08,3.31701e+10,1.27823e+08,1.76502e+08
958,2.02829e+08,3.29035e+10,1.2778e+08,1.75884e+08
959,2.02736e+08,3.25884e+10,1.28225e+08,1.75762e+08
960,2.03248e+08,3.24174e+10,1.28004e+08,1.75908e+08
961,2.03099e+08,3.24944e+10,1.28095e+08,1.76245e+08
962,2.02758e+08,3.2068e+10,1.28121e+08,1.7573e+08
963,2.02523e+08,3.22988e+10,1.27674e+08,1.75572e+08
964,2.02709e+08,3.23494e+10,1.28028e+08,1.75786e+08
965,2.03185e+08,3.30942e+10,1.28102e+08,1.75617e+08
966,2.03234e+08,3.23207e+10,1.27793e+08,1.76241e+08
967,2.02738e+08,3.18686e+10,1.27872e+08,1.75903e+08
968,2.03335e+08,3.24266e+10,1.27819e+08,1.76036e+08
969,2.03132e+08,3.31407e+10,1.27667e+08,1.76129e+08
970,2.02658e+08,3.19011e+10,1.28659e+08,1.75861e+08
971,2.02197e+08,3.14779e+10,1.27956e+08,1.75502e+08
972,2.03505e+08,3.39313e+10,1.27724e+08,1.76462e+08
973,2.03168e+08,3.1579e+10,1.28051e+08,1.76243e+08
974,2.03133e+08,3.19589e+10,1.27957e+08,1.76271e+08
975,2.02696e+08,3.21402e+10,1.27835e+08,1.75864e+08
976,2.0281e+08,3.25326e+10,1.2826e+08,1.7564e+08
977,2.03133e+08,3.24461e+10,1.27972e+08,1.75876e+08
978,2.03059e+08,3.16951e+10,1.27711e+08,1.76087e+08
979,2.02788e+08,3.1828e+10,1.27827e+08,1.75716e+08
980,2.03326e+08,3.25889e+10,1.27975e+08,1.76199e+08
981,2.03475e+08,3.09125e+10,1.27609e+08,1.76262e+08
982,2.0254e+08,3.24995e+10,1.28255e+08,1.75805e+08
983,2.03862e+08,3.31828e+10,1.27732e+08,1.7677e+08
984,2.03263e+08,3.25478e+10,1.27979e+08,1.76411e+08
985,2.03347e+08,3.2007e+10,1.2785e+08,1.76399e+08
986,2.02967e+08,3.18307e+10,1.27722e+08,1.7621e+08
987,2.02907e+08,3.35783e+10,1.27886e+08,1.76259e+08
988,2.02724e+08,3.25005e+10,1.28004e+08,1.75623e+08
989,2.03299e+08,3.19141e+10,1.27843e+08,1.76353e+08
990,2.03297e+08,3.22779e+10,1.28086e+08,1.76194e+08
991,2.02356e+08,3.18068e+10,1.28403e+08,1.75255e+08
992,2.02711e+08,3.09701e+10,1.27753e+08,1.75723e+08
993,2.02743e+08,3.22851e+10,1.28015e+08,1.75671e+08
994,2.0321e+08,3.28061e+10,1.28001e+08,1.76328e+08
995,2.03917e+08,3.2419e+10,1.28217e+08,1.76573e+08
996,2.02948e+08,3.1939e+10,1.27788e+08,1.75911e+08
997,2.02753e+08,3.2028e+10,1.2832e+08,1.75987e+08
998,2.02987e+08,3.19764e+10,1.27536e+08,1.75819e+08
999,2.02521e+08,3.30889e+10,1.28271e+08,1.75888e+08
